sample_idx,unix_t,iso_approx_note,luxi_gpu_power_watts,luxi_gpu_power_samples,luxi_gpu_count,luxi_energy_joules_total,completed_ok_if_present
0,1783734573.4497159,offset_s=0.0,63.64,48.0,1.0,32103.519999998523,
1,1783734583.450776,offset_s=10.0,63.64,66.0,1.0,122586.87999999341,
2,1783734593.4521434,offset_s=20.0,63.61,85.0,1.0,213509.04000001046,
3,1783734603.4551222,offset_s=30.0,63.64,104.0,1.0,304542.16000003024,
4,1783734613.4593701,offset_s=40.0,63.63,122.0,1.0,396072.16000005,
5,1783734623.4635217,offset_s=50.0,63.62,141.0,1.0,487194.64000006963,
6,1783734633.46523,offset_s=60.0,63.62,160.0,1.0,578686.7200000568,
7,1783734643.46733,offset_s=70.0,63.63,178.0,1.0,670501.2000000215,
8,1783734653.468488,offset_s=80.0,63.66,197.0,1.0,762458.3999999862,
9,1783734663.47526,offset_s=90.0,63.64,215.0,1.0,854305.3599999509,
10,1783734673.4797115,offset_s=100.0,63.64,234.0,1.0,946320.8799999156,
11,1783734683.4848132,offset_s=110.0,63.64,253.0,1.0,1038083.1999998803,
12,1783734693.4873013,offset_s=120.0,63.6,271.0,1.0,1129406.479999845,
13,1783734703.4888191,offset_s=130.0,63.69,290.0,1.0,1220445.99999981,
14,1783734713.4916744,offset_s=140.0,63.61,308.0,1.0,1312189.1199997747,
15,1783734723.493183,offset_s=150.0,63.62,327.0,1.0,1403312.5599997398,
16,1783734733.4982953,offset_s=160.0,63.64,345.0,1.0,1494706.239999705,
17,1783734743.500425,offset_s=170.1,63.63,364.0,1.0,1586242.8799996695,
18,1783734753.5038297,offset_s=180.1,63.66,382.0,1.0,1677579.9199996344,
19,1783734763.5062032,offset_s=190.1,63.69,400.0,1.0,1777209.039999596,
20,1783734773.5077038,offset_s=200.1,63.9,419.0,1.0,1877621.4399995576,
21,1783734783.5091317,offset_s=210.1,63.99,438.0,1.0,1968537.1999995227,
22,1783734793.512282,offset_s=220.1,64.12,456.0,1.0,2060260.8799994872,
23,1783734803.5150192,offset_s=230.1,64.11,475.0,1.0,2152056.6399994525,
24,1783734813.5163295,offset_s=240.1,64.12,493.0,1.0,2243392.9599994174,
25,1783734823.5186934,offset_s=250.1,63.99,512.0,1.0,2334929.8399993824,
26,1783734833.5217485,offset_s=260.1,64.11,531.0,1.0,2427455.0399993467,
27,1783734843.5253549,offset_s=270.1,64.12,549.0,1.0,2519315.0399993113,
28,1783734853.5262752,offset_s=280.1,64.11,568.0,1.0,2611188.079999276,
29,1783734863.5288723,offset_s=290.1,64.06,587.0,1.0,2702394.959999241,
30,1783734873.5344324,offset_s=300.1,63.99,605.0,1.0,2793673.439999206,
31,1783734883.538594,offset_s=310.1,63.95,624.0,1.0,2885151.999999171,
32,1783734893.5399399,offset_s=320.1,63.86,642.0,1.0,2976785.5999991354,
33,1783734903.5409343,offset_s=330.1,63.8,661.0,1.0,3068716.4799991003,
34,1783734913.5420969,offset_s=340.1,63.77,680.0,1.0,3161118.6399990646,
35,1783734923.5431254,offset_s=350.1,63.75,698.0,1.0,3253134.3999990295,
36,1783734933.5445983,offset_s=360.1,63.78,717.0,1.0,3345324.1599989943,
37,1783734943.5462098,offset_s=370.1,63.71,735.0,1.0,3437151.4399989587,
38,1783734953.5499587,offset_s=380.1,63.72,754.0,1.0,3529521.8399989232,
39,1783734963.5515509,offset_s=390.1,63.71,773.0,1.0,3621317.359998888,
40,1783734973.5541043,offset_s=400.1,63.68,791.0,1.0,3713351.3599988525,
41,1783734983.5557878,offset_s=410.1,63.68,810.0,1.0,3805359.999998817,
42,1783734993.5575554,offset_s=420.1,63.68,828.0,1.0,3897233.039998782,
43,1783735003.5590742,offset_s=430.1,63.66,847.0,1.0,3989073.5999987465,
44,1783735013.5611913,offset_s=440.1,63.73,866.0,1.0,4080907.7599987113,
45,1783735023.5626311,offset_s=450.1,63.66,884.0,1.0,4172606.079998676,
46,1783735033.5681622,offset_s=460.1,63.63,903.0,1.0,4264911.999998641,
47,1783735043.571407,offset_s=470.1,63.64,921.0,1.0,4356985.119998606,
48,1783735053.5727534,offset_s=480.1,63.64,940.0,1.0,4449135.99999857,
49,1783735063.5739577,offset_s=490.1,63.61,959.0,1.0,4541319.119998535,
50,1783735073.5761955,offset_s=500.1,63.65,977.0,1.0,4633049.9199985,
51,1783735083.5783257,offset_s=510.1,63.63,996.0,1.0,4724922.719998464,
52,1783735093.5795844,offset_s=520.1,63.58,1015.0,1.0,4817002.239998429,
53,1783735103.580876,offset_s=530.1,63.6,1033.0,1.0,4909030.799998392,
54,1783735113.5819783,offset_s=540.1,63.64,1052.0,1.0,5000742.159998357,
55,1783735123.5857882,offset_s=550.1,63.58,1070.0,1.0,5092665.679998323,
56,1783735133.5880487,offset_s=560.1,63.66,1089.0,1.0,5184797.839998287,
57,1783735143.5926745,offset_s=570.1,63.6,1107.0,1.0,5276230.6399982525,
58,1783735153.595524,offset_s=580.1,63.56,1126.0,1.0,5367760.879998217,
59,1783735163.5973122,offset_s=590.1,63.59,1145.0,1.0,5459187.519998183,
60,1783735173.599398,offset_s=600.1,63.59,1163.0,1.0,5550600.879998148,
61,1783735183.600815,offset_s=610.2,63.59,1182.0,1.0,5641983.439998112,
62,1783735193.6030903,offset_s=620.2,63.55,1201.0,1.0,5733493.999998077,
63,1783735203.6056674,offset_s=630.2,63.66,1219.0,1.0,5825307.999998042,
64,1783735213.6080546,offset_s=640.2,63.73,1236.0,1.0,5917789.119998006,
65,1783735223.6105185,offset_s=650.2,63.67,1254.0,1.0,6009215.759997971,
66,1783735233.6133804,offset_s=660.2,63.61,1273.0,1.0,6100351.759997936,
67,1783735243.617228,offset_s=670.2,63.63,1292.0,1.0,6191843.5999979,
68,1783735253.6211555,offset_s=680.2,63.61,1310.0,1.0,6283373.839997865,
69,1783735263.6239285,offset_s=690.2,63.64,1329.0,1.0,6374813.039997831,
70,1783735273.6273644,offset_s=700.2,63.6,1347.0,1.0,6465657.679997796,
71,1783735283.6295378,offset_s=710.2,63.61,1366.0,1.0,6556380.479997761,
72,1783735293.6316636,offset_s=720.2,63.6,1385.0,1.0,6648117.679997725,
73,1783735303.6342585,offset_s=730.2,63.57,1403.0,1.0,6739770.71999769,
74,1783735313.6375961,offset_s=740.2,63.68,1422.0,1.0,6831048.719997656,
75,1783735323.6394637,offset_s=750.2,63.61,1440.0,1.0,6921809.91999762,
76,1783735333.6424778,offset_s=760.2,63.58,1459.0,1.0,7012952.319997585,
77,1783735343.644547,offset_s=770.2,63.6,1478.0,1.0,7104430.399997551,
78,1783735353.6459146,offset_s=780.2,63.61,1496.0,1.0,7196109.999997515,
79,1783735363.6505506,offset_s=790.2,63.62,1515.0,1.0,7287697.59999748,
80,1783735373.6522853,offset_s=800.2,63.66,1534.0,1.0,7379008.799997444,
81,1783735383.65649,offset_s=810.2,63.67,1552.0,1.0,7470474.319997409,
82,1783735393.659367,offset_s=820.2,63.79,1571.0,1.0,7561796.879997375,
83,1783735403.6629436,offset_s=830.2,64.04,1590.0,1.0,7653192.239997339,
84,1783735413.6667752,offset_s=840.2,64.12,1608.0,1.0,7744929.199997304,
85,1783735423.668141,offset_s=850.2,64.14,1627.0,1.0,7836543.359997269,
86,1783735433.6719816,offset_s=860.2,64.03,1646.0,1.0,7928183.599997234,
87,1783735443.673423,offset_s=870.2,64.07,1664.0,1.0,8019881.9199971985,
88,1783735453.6754253,offset_s=880.2,64.08,1683.0,1.0,8111289.599997163,
89,1783735463.6801727,offset_s=890.2,64.13,1701.0,1.0,8201721.039997128,
90,1783735473.6820018,offset_s=900.2,64.12,1720.0,1.0,8293160.959997092,
91,1783735483.6856072,offset_s=910.2,64.12,1739.0,1.0,8384134.5599970585,
92,1783735493.6885452,offset_s=920.2,64.13,1757.0,1.0,8475542.47999619,
93,1783735503.6921268,offset_s=930.2,64.13,1776.0,1.0,8566619.67999528,
94,1783735513.6970444,offset_s=940.2,64.13,1795.0,1.0,8657717.27999437,
95,1783735523.6983736,offset_s=950.2,64.13,1813.0,1.0,8749065.919993456,
96,1783735533.7001371,offset_s=960.3,64.13,1832.0,1.0,8840480.239992544,
97,1783735543.7027967,offset_s=970.3,64.12,1851.0,1.0,8932417.999991626,
98,1783735553.7078195,offset_s=980.3,64.12,1869.0,1.0,9024322.799990706,
99,1783735563.7096078,offset_s=990.3,64.13,1888.0,1.0,9115775.519989794,
100,1783735573.7121992,offset_s=1000.3,63.94,1907.0,1.0,9207149.999988882,
101,1783735583.7135394,offset_s=1010.3,64.02,1925.0,1.0,9298196.159987973,
102,1783735593.7157857,offset_s=1020.3,64.14,1944.0,1.0,9389635.839987058,
103,1783735603.7188778,offset_s=1030.3,64.03,1962.0,1.0,9481301.199986141,
104,1783735613.721249,offset_s=1040.3,64.14,1981.0,1.0,9573064.719985228,
105,1783735623.723096,offset_s=1050.3,64.02,2000.0,1.0,9664380.879984314,
106,1783735633.725872,offset_s=1060.3,64.13,2018.0,1.0,9754909.75998341,
107,1783735643.7347004,offset_s=1070.3,64.13,2037.0,1.0,9846705.75998249,
108,1783735653.7367048,offset_s=1080.3,64.13,2056.0,1.0,9938228.399981579,
109,1783735663.7417812,offset_s=1090.3,64.14,2074.0,1.0,10029862.719980663,
110,1783735673.7454472,offset_s=1100.3,64.07,2093.0,1.0,10121580.239979746,
111,1783735683.7471967,offset_s=1110.3,64.14,2112.0,1.0,10213388.31997883,
112,1783735693.7510157,offset_s=1120.3,64.13,2130.0,1.0,10305325.839977913,
113,1783735703.7524889,offset_s=1130.3,64.12,2149.0,1.0,10397444.47997699,
114,1783735713.7544267,offset_s=1140.3,64.14,2168.0,1.0,10489485.599976072,
115,1783735723.7570305,offset_s=1150.3,64.13,2186.0,1.0,10580983.359975157,
116,1783735733.7602186,offset_s=1160.3,64.13,2205.0,1.0,10672901.199974239,
117,1783735743.7613142,offset_s=1170.3,64.13,2224.0,1.0,10764625.599973323,
118,1783735753.7635226,offset_s=1180.3,64.13,2242.0,1.0,10856368.959972406,
119,1783735763.7649832,offset_s=1190.3,64.13,2261.0,1.0,10948519.359971486,
120,1783735773.7676098,offset_s=1200.3,64.14,2280.0,1.0,11039836.719970575,
121,1783735783.7740686,offset_s=1210.3,64.13,2298.0,1.0,11131703.119969657,
122,1783735793.7766054,offset_s=1220.3,64.13,2317.0,1.0,11223375.839968741,
123,1783735803.7785506,offset_s=1230.3,64.13,2336.0,1.0,11315196.239967823,
124,1783735813.7804084,offset_s=1240.3,64.12,2354.0,1.0,11406261.359966913,
125,1783735823.781749,offset_s=1250.3,64.12,2373.0,1.0,11497908.239965998,
126,1783735833.7833135,offset_s=1260.3,64.14,2391.0,1.0,11589457.919965083,
127,1783735843.7862215,offset_s=1270.3,64.12,2410.0,1.0,11681194.159964165,
128,1783735853.794027,offset_s=1280.3,64.12,2429.0,1.0,11772815.679963252,
129,1783735863.7969077,offset_s=1290.3,64.11,2447.0,1.0,11864248.959962338,
130,1783735873.7992668,offset_s=1300.3,64.1,2466.0,1.0,11955675.599961424,
131,1783735883.8013031,offset_s=1310.4,64.08,2485.0,1.0,12046242.15996052,
132,1783735893.802911,offset_s=1320.4,64.05,2503.0,1.0,12136331.519959621,
133,1783735903.80445,offset_s=1330.4,63.99,2522.0,1.0,12227558.079958709,
134,1783735913.807081,offset_s=1340.4,64.02,2540.0,1.0,12319508.39995779,
135,1783735923.808369,offset_s=1350.4,63.76,2559.0,1.0,12411381.439956874,
136,1783735933.8097699,offset_s=1360.4,63.83,2578.0,1.0,12503053.199955957,
137,1783735943.8122504,offset_s=1370.4,63.63,2595.0,1.0,12594163.839955047,
138,1783735953.8135233,offset_s=1380.4,63.72,2613.0,1.0,12684000.95995415,
139,1783735963.8171856,offset_s=1390.4,63.84,2632.0,1.0,12775059.199953241,
140,1783735973.8208106,offset_s=1400.4,63.9,2650.0,1.0,12866259.439952329,
141,1783735983.8229775,offset_s=1410.4,64.08,2669.0,1.0,12957918.399951413,
142,1783735993.825556,offset_s=1420.4,64.08,2687.0,1.0,13049675.519950498,
143,1783736003.827466,offset_s=1430.4,64.08,2706.0,1.0,13141141.039949583,
144,1783736013.8287969,offset_s=1440.4,63.99,2725.0,1.0,13232645.439948669,
145,1783736023.831785,offset_s=1450.4,63.92,2743.0,1.0,13323697.279947758,
146,1783736033.833024,offset_s=1460.4,63.73,2762.0,1.0,13414574.879946852,
147,1783736043.835472,offset_s=1470.4,63.74,2781.0,1.0,13505147.839945946,
148,1783736053.8431172,offset_s=1480.4,63.76,2799.0,1.0,13596031.35994504,
149,1783736063.8445227,offset_s=1490.4,63.74,2818.0,1.0,13687032.47994413,
150,1783736073.8466947,offset_s=1500.4,63.68,2836.0,1.0,13778530.239943216,
151,1783736083.8479702,offset_s=1510.4,63.67,2855.0,1.0,13869769.359942306,
152,1783736093.8501186,offset_s=1520.4,63.64,2874.0,1.0,13960937.839941394,
153,1783736103.8552341,offset_s=1530.4,63.6,2892.0,1.0,14052455.039940478,
154,1783736113.856442,offset_s=1540.4,63.65,2909.0,1.0,14143157.439939573,
155,1783736123.8592482,offset_s=1550.4,63.64,2928.0,1.0,14234293.679938663,
156,1783736133.8607984,offset_s=1560.4,63.66,2947.0,1.0,14325274.639937755,
157,1783736143.8648524,offset_s=1570.4,63.64,2965.0,1.0,14416333.119936844,
158,1783736153.866757,offset_s=1580.4,63.71,2984.0,1.0,14506033.91993595,
159,1783736163.8680341,offset_s=1590.4,63.74,3003.0,1.0,14596387.839935046,
160,1783736173.8697932,offset_s=1600.4,63.6,3021.0,1.0,14686915.759934142,
161,1783736183.8749373,offset_s=1610.4,63.62,3040.0,1.0,14778297.83993323,
162,1783736193.8763137,offset_s=1620.4,63.57,3059.0,1.0,14869155.039932322,
163,1783736203.879925,offset_s=1630.4,63.57,3077.0,1.0,14960434.239931408,
164,1783736213.8836815,offset_s=1640.4,63.54,3096.0,1.0,15051258.959930502,
165,1783736223.8858693,offset_s=1650.4,63.6,3114.0,1.0,15142137.279929593,
166,1783736233.888591,offset_s=1660.4,63.6,3133.0,1.0,15233582.63992868,
167,1783736243.8911672,offset_s=1670.4,63.6,3152.0,1.0,15324996.719927767,
168,1783736253.8935015,offset_s=1680.4,63.63,3170.0,1.0,15416100.479926858,
169,1783736263.8951933,offset_s=1690.4,63.62,3189.0,1.0,15507734.079925941,
170,1783736273.8968172,offset_s=1700.4,63.66,3206.0,1.0,15598585.839925036,
171,1783736283.899439,offset_s=1710.4,63.67,3225.0,1.0,15689896.799924122,
172,1783736293.9008284,offset_s=1720.5,63.68,3244.0,1.0,15780896.719923213,
173,1783736303.9032176,offset_s=1730.5,63.75,3262.0,1.0,15872484.799922297,
174,1783736313.9059422,offset_s=1740.5,63.83,3281.0,1.0,15964189.519921383,
175,1783736323.9072208,offset_s=1750.5,63.86,3300.0,1.0,16055124.719920473,
176,1783736333.9106033,offset_s=1760.5,63.94,3318.0,1.0,16146842.479919558,
177,1783736343.9166803,offset_s=1770.5,63.95,3337.0,1.0,16238017.599918647,
178,1783736353.9192977,offset_s=1780.5,64.02,3355.0,1.0,16328894.959917739,
179,1783736363.9205976,offset_s=1790.5,63.84,3374.0,1.0,16420108.479916828,
