name,S,B,G,rep,logits_fnv64,n_tokens,first_token,tokens_sha256_16
long2048,2048,1,1,0,f2ea1792b85eccec,1,4683,56771e02f31517e5
long2048,2048,1,1,1,f2ea1792b85eccec,1,4683,56771e02f31517e5
long2048,2048,16,1,0,f2ea1792b85eccec,1,4683,56771e02f31517e5
long2048,2048,16,1,1,f2ea1792b85eccec,1,4683,56771e02f31517e5
long8192,8192,1,1,0,17f37324ef866379,1,17,4523540f1504cd17
long8192,8192,1,1,1,17f37324ef866379,1,17,4523540f1504cd17
long8192,8192,4,1,0,17f37324ef866379,1,17,4523540f1504cd17
long8192,8192,4,1,1,17f37324ef866379,1,17,4523540f1504cd17
long32767,32767,1,1,0,320028e838756ae2,1,1714,747ad1db126a954a
long32767,32767,1,1,1,320028e838756ae2,1,1714,747ad1db126a954a
long32767,32767,2,1,0,320028e838756ae2,1,1714,747ad1db126a954a
long32767,32767,2,1,1,320028e838756ae2,1,1714,747ad1db126a954a
gate0,5,1,64,0,a369dbac79f34aaa,64,12095,fb871a5a00cdc8da
gate0,5,1,64,1,a369dbac79f34aaa,64,12095,fb871a5a00cdc8da
gate0,5,16,64,0,a369dbac79f34aaa,64,12095,fb871a5a00cdc8da
gate0,5,16,64,1,a369dbac79f34aaa,64,12095,fb871a5a00cdc8da
gate1,8,1,64,0,064cbfa886df47e2,64,5562,dd19ecf0ddd6ed4a
gate1,8,1,64,1,064cbfa886df47e2,64,5562,dd19ecf0ddd6ed4a
gate1,8,16,64,0,064cbfa886df47e2,64,5562,dd19ecf0ddd6ed4a
gate1,8,16,64,1,064cbfa886df47e2,64,5562,dd19ecf0ddd6ed4a
gate2,15,1,64,0,1b3dd50ab9b59ece,64,308,872fc45d9a45cfc7
gate2,15,1,64,1,1b3dd50ab9b59ece,64,308,872fc45d9a45cfc7
gate2,15,16,64,0,1b3dd50ab9b59ece,64,308,872fc45d9a45cfc7
gate2,15,16,64,1,1b3dd50ab9b59ece,64,308,872fc45d9a45cfc7
gate3,6,1,64,0,f8a21d018508ae02,64,220,4aa533797fedba34
gate3,6,1,64,1,f8a21d018508ae02,64,220,4aa533797fedba34
gate3,6,16,64,0,f8a21d018508ae02,64,220,4aa533797fedba34
gate3,6,16,64,1,f8a21d018508ae02,64,220,4aa533797fedba34
gate4,16,1,64,0,d433900dd81854cd,64,33121,84b0271b24b0c1a9
gate4,16,1,64,1,d433900dd81854cd,64,33121,84b0271b24b0c1a9
gate4,16,16,64,0,d433900dd81854cd,64,33121,84b0271b24b0c1a9
gate4,16,16,64,1,d433900dd81854cd,64,33121,84b0271b24b0c1a9
long1024,1024,1,256,0,542ef41b301459e0,256,1012,6bdd2166c92dd57a
long1024,1024,1,256,1,542ef41b301459e0,256,1012,6bdd2166c92dd57a
long1024,1024,16,256,0,542ef41b301459e0,256,1012,6bdd2166c92dd57a
long1024,1024,16,256,1,542ef41b301459e0,256,1012,6bdd2166c92dd57a
long1024,1024,64,256,0,542ef41b301459e0,256,1012,6bdd2166c92dd57a
long1024,1024,64,256,1,542ef41b301459e0,256,1012,6bdd2166c92dd57a
