t,W
1783750744.104033,232.042
1783750744.128923,232.042
1783750744.149069,232.042
1783750744.169223,232.042
1783750744.189369,245.145
1783750744.209517,245.145
1783750744.229670,245.145
1783750744.249814,245.145
1783750744.269967,245.145
1783750744.290111,244.823
1783750744.310257,244.823
1783750744.330400,244.823
1783750744.350548,244.823
1783750744.370693,244.823
1783750744.390885,245.359
1783750744.411041,245.359
1783750744.431183,245.359
1783750744.451326,245.359
1783750744.471474,245.359
1783750744.491629,245.083
1783750744.511774,245.083
1783750744.531916,245.083
1783750744.552059,245.083
1783750744.572215,245.083
1783750744.592357,245.494
1783750744.612501,245.494
1783750744.632648,245.494
1783750744.652796,245.494
1783750744.672937,245.494
1783750744.693082,246.048
1783750744.713223,246.048
1783750744.733367,246.048
1783750744.753516,246.048
1783750744.773668,246.048
1783750744.793810,245.799
1783750744.813923,245.799
1783750744.834063,245.799
1783750744.854207,245.799
1783750744.874318,245.799
1783750744.894458,247.612
1783750744.914579,247.612
1783750744.934721,247.612
1783750744.954908,247.612
1783750744.975053,247.612
1783750744.995202,248.103
1783750745.015342,248.103
1783750745.035483,248.103
1783750745.055631,248.103
1783750745.075786,248.103
1783750745.095927,248.044
1783750745.116071,248.044
1783750745.136212,248.044
1783750745.156363,248.044
1783750745.176509,248.044
1783750745.196657,248.462
1783750745.216804,248.462
1783750745.236989,248.462
1783750745.257143,248.462
1783750745.277287,248.462
1783750745.297428,249.042
1783750745.317570,249.042
1783750745.337712,249.042
1783750745.357897,249.042
1783750745.378038,249.042
1783750745.398176,248.235
1783750745.418300,248.235
1783750745.438444,248.235
1783750745.458590,248.235
1783750745.478789,248.235
1783750745.498941,248.389
1783750745.519086,248.389
1783750745.539229,248.389
1783750745.559375,248.389
1783750745.579530,248.389
1783750745.599675,248.190
1783750745.619818,248.190
1783750745.639962,248.190
1783750745.660131,248.190
1783750745.680273,247.961
1783750745.700421,247.961
1783750745.720568,247.961
1783750745.740721,247.961
1783750745.760930,247.961
1783750745.781077,247.566
1783750745.801222,247.566
1783750745.821399,247.566
1783750745.841550,247.566
1783750745.861700,247.566
1783750745.881896,247.165
1783750745.902039,247.165
1783750745.922190,247.165
1783750745.942335,247.165
1783750745.962450,247.165
1783750745.982597,246.787
1783750746.002795,246.787
1783750746.022941,246.787
1783750746.043084,246.787
1783750746.063229,246.787
1783750746.083386,246.440
1783750746.103549,246.440
1783750746.123693,246.440
1783750746.143901,246.440
1783750746.164053,246.440
1783750746.184193,246.881
1783750746.204371,246.881
1783750746.224515,246.881
1783750746.244667,246.881
1783750746.264818,246.881
1783750746.284960,247.063
1783750746.305102,247.063
1783750746.325248,247.063
1783750746.345398,247.063
1783750746.365549,247.063
1783750746.385690,246.771
1783750746.405882,246.771
1783750746.426014,246.771
1783750746.446117,246.771
1783750746.466218,246.771
1783750746.486305,247.235
1783750746.506436,247.235
1783750746.526617,247.235
1783750746.546760,247.235
1783750746.566904,247.235
1783750746.587060,247.230
1783750746.607179,247.230
1783750746.627322,247.230
1783750746.647470,247.230
1783750746.667621,247.230
1783750746.687765,247.259
1783750746.707941,247.259
1783750746.728086,247.259
1783750746.748242,247.259
1783750746.768397,247.259
1783750746.788542,246.499
1783750746.808683,246.499
1783750746.828825,246.499
1783750746.848979,246.499
1783750746.869129,246.499
1783750746.889268,246.666
1783750746.909413,246.666
1783750746.929559,246.666
1783750746.949707,246.666
1783750746.969903,246.666
1783750746.990039,246.538
1783750747.010189,246.538
1783750747.030332,246.538
1783750747.050478,246.538
1783750747.070625,246.538
1783750747.090772,246.782
1783750747.110951,246.782
1783750747.131093,246.782
1783750747.151237,246.782
1783750747.171388,246.782
1783750747.191528,246.606
1783750747.211675,246.606
1783750747.231819,246.606
1783750747.251969,246.606
1783750747.272120,246.606
1783750747.292266,246.470
1783750747.312408,246.470
1783750747.332552,246.470
1783750747.352715,246.470
1783750747.372911,246.470
1783750747.393053,247.012
1783750747.413230,247.012
1783750747.433374,247.012
1783750747.453523,247.012
1783750747.473672,247.012
1783750747.493812,247.230
1783750747.513956,247.230
1783750747.534094,247.230
1783750747.554239,247.230
1783750747.574381,247.230
1783750747.594534,247.178
1783750747.614678,247.178
1783750747.634819,247.178
1783750747.654962,247.178
1783750747.675087,247.178
1783750747.695227,245.954
1783750747.715371,245.954
1783750747.735512,245.954
1783750747.755665,245.954
1783750747.775809,245.954
1783750747.795990,246.938
1783750747.816130,246.938
1783750747.836273,246.938
1783750747.856432,246.938
1783750747.876579,246.938
1783750747.896721,247.027
1783750747.916944,247.027
1783750747.937089,247.027
1783750747.957240,247.027
1783750747.977386,247.027
1783750747.997527,246.237
1783750748.017675,246.237
1783750748.037815,246.237
1783750748.057926,246.237
1783750748.078029,246.237
1783750748.098131,246.674
1783750748.118261,246.674
1783750748.138409,246.674
1783750748.158557,246.674
1783750748.178714,246.674
1783750748.198906,246.971
1783750748.219050,246.971
1783750748.239197,246.971
1783750748.259348,246.971
1783750748.279489,246.971
1783750748.299632,246.796
1783750748.319773,246.796
1783750748.339897,246.796
1783750748.360037,246.796
1783750748.380183,246.796
1783750748.400359,247.166
1783750748.420504,247.166
1783750748.440651,247.166
1783750748.460803,247.166
1783750748.480946,246.358
1783750748.501084,246.358
1783750748.521229,246.358
1783750748.541376,246.358
1783750748.561522,246.358
1783750748.581667,246.117
1783750748.601812,246.117
1783750748.621957,246.117
1783750748.642099,246.117
1783750748.662245,246.117
1783750748.682398,247.097
1783750748.702543,247.097
1783750748.722689,247.097
1783750748.742871,247.097
1783750748.763022,247.097
1783750748.783175,247.434
1783750748.803324,247.434
1783750748.823472,247.434
1783750748.843618,247.434
1783750748.863775,247.434
1783750748.883920,246.852
1783750748.904063,246.852
1783750748.924206,246.852
1783750748.944353,246.852
1783750748.964500,246.852
1783750748.984646,247.887
1783750749.004788,247.887
1783750749.024945,247.887
1783750749.045090,247.887
1783750749.065234,247.887
1783750749.085414,247.608
1783750749.105572,247.608
1783750749.125718,247.608
1783750749.145912,247.608
1783750749.166059,247.608
1783750749.186213,246.993
1783750749.206357,246.993
1783750749.226502,246.993
1783750749.246649,246.993
1783750749.266799,246.993
1783750749.286942,246.176
1783750749.307085,246.176
1783750749.327231,246.176
1783750749.347379,246.176
1783750749.367525,246.176
1783750749.387640,245.962
1783750749.407747,245.962
1783750749.427833,245.962
1783750749.447935,245.962
1783750749.468073,245.962
1783750749.488218,246.857
1783750749.508339,246.857
1783750749.528485,246.857
1783750749.548631,246.857
1783750749.568775,246.857
1783750749.588914,246.355
1783750749.609069,246.355
1783750749.629210,246.355
1783750749.649351,246.355
1783750749.669531,246.355
1783750749.689680,246.609
1783750749.709825,246.609
1783750749.729966,246.609
1783750749.750105,246.609
1783750749.770252,246.609
1783750749.790394,246.471
1783750749.810541,246.471
1783750749.830688,246.471
1783750749.850895,246.471
1783750749.871041,246.471
1783750749.891186,246.497
1783750749.911329,246.497
1783750749.931473,246.497
1783750749.951626,246.497
1783750749.971777,246.497
1783750749.991918,246.858
1783750750.012057,246.858
1783750750.032209,246.858
1783750750.052354,246.858
1783750750.072500,246.858
1783750750.092642,246.887
1783750750.112792,246.887
1783750750.132937,246.887
1783750750.153079,246.887
1783750750.173223,246.887
1783750750.193373,246.517
1783750750.213488,246.517
1783750750.233629,246.517
1783750750.253775,246.517
1783750750.273922,246.517
1783750750.294062,247.890
1783750750.314177,247.890
1783750750.334318,247.890
1783750750.354468,247.890
1783750750.374657,247.890
1783750750.394800,247.982
1783750750.414940,247.982
1783750750.435081,247.982
1783750750.455241,247.982
1783750750.475391,247.982
1783750750.495535,247.458
1783750750.515677,247.458
1783750750.535769,247.458
1783750750.555913,247.458
1783750750.576055,247.458
1783750750.596195,248.402
1783750750.616339,248.402
1783750750.636481,248.402
1783750750.656626,248.402
1783750750.676773,248.402
1783750750.696925,248.433
1783750750.717066,248.433
1783750750.737209,248.433
1783750750.757356,248.433
1783750750.777506,248.433
1783750750.797647,247.920
1783750750.817798,247.920
1783750750.837942,247.920
1783750750.858090,247.920
1783750750.878232,247.920
1783750750.898373,248.700
1783750750.918511,248.700
1783750750.938654,248.700
1783750750.958829,248.700
1783750750.978975,248.700
1783750750.999115,247.362
1783750751.019254,247.362
1783750751.039403,247.362
1783750751.059553,247.362
1783750751.079698,247.362
1783750751.099889,247.146
1783750751.120039,247.146
1783750751.140184,247.146
1783750751.160328,247.146
1783750751.180471,247.146
1783750751.200614,247.287
1783750751.220763,247.287
1783750751.240905,247.287
1783750751.261049,247.287
1783750751.281201,247.287
1783750751.301341,247.633
1783750751.321485,247.633
1783750751.341593,247.633
1783750751.361799,247.633
1783750751.381938,248.028
1783750751.402081,248.028
1783750751.422192,248.028
1783750751.442336,248.028
1783750751.462479,248.028
1783750751.482623,248.209
1783750751.502768,248.209
1783750751.522909,248.209
1783750751.543055,248.209
1783750751.563202,248.209
1783750751.583345,248.527
1783750751.603486,248.527
1783750751.623640,248.527
1783750751.643786,248.527
1783750751.663963,248.527
1783750751.684105,248.470
1783750751.704256,248.470
1783750751.724404,248.470
1783750751.744546,248.470
1783750751.764691,248.470
1783750751.784885,248.215
1783750751.805024,248.215
1783750751.825166,248.215
1783750751.845309,248.215
1783750751.865459,248.215
1783750751.885604,248.189
1783750751.905814,248.189
1783750751.925955,248.189
1783750751.946099,248.189
1783750751.966255,248.189
1783750751.986408,248.442
1783750752.006550,248.442
1783750752.026711,248.442
1783750752.046915,248.442
1783750752.067060,248.442
1783750752.087210,249.338
1783750752.107349,249.338
1783750752.127497,249.338
1783750752.147801,249.338
1783750752.167944,249.338
1783750752.188087,249.485
1783750752.208232,249.485
1783750752.228379,249.485
1783750752.248524,249.485
1783750752.268672,249.485
1783750752.288825,249.308
1783750752.308964,249.308
1783750752.329112,249.308
1783750752.349257,249.308
1783750752.369408,249.308
1783750752.389563,248.944
1783750752.409707,248.944
1783750752.429903,248.944
1783750752.450048,248.944
1783750752.470205,248.944
1783750752.490351,249.470
1783750752.510494,249.470
1783750752.530640,249.470
1783750752.550796,249.470
1783750752.570914,249.470
1783750752.591061,249.204
1783750752.611204,249.204
1783750752.631352,249.204
1783750752.651499,249.204
1783750752.671646,249.204
1783750752.691826,247.797
1783750752.711981,247.797
1783750752.732127,247.797
1783750752.752269,247.797
1783750752.772414,247.797
1783750752.792567,248.180
1783750752.812708,248.180
1783750752.832902,248.180
1783750752.853046,248.180
1783750752.873196,248.180
1783750752.893337,248.755
1783750752.913481,248.755
1783750752.933660,248.755
1783750752.953805,248.755
1783750752.973961,248.755
1783750752.994106,248.321
1783750753.014219,248.321
1783750753.034362,248.321
1783750753.054518,248.321
1783750753.074671,248.321
1783750753.094813,248.245
1783750753.114923,248.245
1783750753.135066,248.245
1783750753.155214,248.245
1783750753.175363,248.245
1783750753.195505,248.290
1783750753.215651,248.290
1783750753.235798,248.290
1783750753.255941,248.290
1783750753.276090,248.290
1783750753.296239,248.174
1783750753.316382,248.174
1783750753.336527,248.174
1783750753.356676,248.174
1783750753.376828,248.174
1783750753.396967,247.249
1783750753.417110,247.249
1783750753.437257,247.249
1783750753.457404,247.249
1783750753.477564,247.249
1783750753.497711,247.025
1783750753.517905,247.025
1783750753.538053,247.025
1783750753.558208,247.025
1783750753.578357,247.025
1783750753.598500,246.818
1783750753.618641,246.818
1783750753.638797,246.818
1783750753.658943,246.818
1783750753.679085,246.818
1783750753.699226,246.319
1783750753.719376,246.319
1783750753.739523,246.319
1783750753.759669,246.319
1783750753.779817,246.319
1783750753.799969,247.697
1783750753.820115,247.697
1783750753.840259,247.697
1783750753.860407,247.697
1783750753.880551,247.697
1783750753.900690,248.094
1783750753.920897,248.094
1783750753.941044,248.094
1783750753.961196,248.094
1783750753.981384,248.094
1783750754.001532,248.907
1783750754.021674,248.907
1783750754.041820,248.907
1783750754.061973,248.907
1783750754.082119,248.907
1783750754.102263,249.412
1783750754.122437,249.412
1783750754.142593,249.412
1783750754.162785,249.412
1783750754.182926,250.118
1783750754.203068,250.118
1783750754.223223,250.118
1783750754.243367,250.118
1783750754.263509,250.118
1783750754.283650,249.248
1783750754.303800,249.248
1783750754.323941,249.248
1783750754.344051,249.248
1783750754.364194,249.248
1783750754.384341,249.342
1783750754.404481,249.342
1783750754.424624,249.342
1783750754.444776,249.342
1783750754.464928,249.342
1783750754.485073,249.660
1783750754.505217,249.660
1783750754.525355,249.660
1783750754.545496,249.660
1783750754.565646,249.660
1783750754.585788,249.173
1783750754.605931,249.173
1783750754.626071,249.173
1783750754.646218,249.173
1783750754.666360,249.173
1783750754.686503,250.546
1783750754.706643,250.546
1783750754.726791,250.546
1783750754.746930,250.546
1783750754.767072,250.546
1783750754.787213,250.635
1783750754.807362,250.635
1783750754.827505,250.635
1783750754.847649,250.635
1783750754.867799,250.635
1783750754.887947,249.833
1783750754.908089,249.833
1783750754.928230,249.833
1783750754.948375,249.833
1783750754.968528,249.833
1783750754.988676,249.840
1783750755.008818,249.840
1783750755.028956,249.840
1783750755.049102,249.840
1783750755.069261,249.840
1783750755.089407,249.707
1783750755.109548,249.707
1783750755.129689,249.707
1783750755.149885,249.707
1783750755.170033,249.707
1783750755.190176,249.699
1783750755.210314,249.699
1783750755.230464,249.699
1783750755.250641,249.699
1783750755.270787,249.699
1783750755.290927,249.656
1783750755.311070,249.656
1783750755.331220,249.656
1783750755.351363,249.656
1783750755.371510,249.656
1783750755.391659,250.355
1783750755.411798,250.355
1783750755.431941,250.355
1783750755.452080,250.355
1783750755.472230,250.355
1783750755.492381,250.489
1783750755.512558,250.489
1783750755.532700,250.489
1783750755.552897,250.489
1783750755.573054,250.489
1783750755.593206,250.219
1783750755.613316,250.219
1783750755.633437,250.219
1783750755.653594,250.219
1783750755.673797,250.219
1783750755.693938,250.160
1783750755.714044,250.160
1783750755.734179,250.160
1783750755.754323,250.160
1783750755.774467,250.160
1783750755.794614,249.708
1783750755.814761,249.708
1783750755.834902,249.708
1783750755.855045,249.708
1783750755.875190,249.708
1783750755.895342,250.467
1783750755.915455,250.467
1783750755.935569,250.467
1783750755.955714,250.467
1783750755.975911,250.467
1783750755.996051,250.224
1783750756.016195,250.224
1783750756.036335,250.224
1783750756.056518,250.224
1783750756.076679,250.224
1783750756.096823,249.888
1783750756.116962,249.888
1783750756.137103,249.888
1783750756.157258,249.888
1783750756.177407,249.888
1783750756.197549,248.606
1783750756.217690,248.606
1783750756.237899,248.606
1783750756.258049,248.606
1783750756.278192,248.606
1783750756.298338,249.714
1783750756.318483,249.714
1783750756.338628,249.714
1783750756.358774,249.714
1783750756.378920,249.714
1783750756.399067,249.558
1783750756.419213,249.558
1783750756.439361,249.558
1783750756.459507,249.558
1783750756.479660,249.558
1783750756.499799,249.184
1783750756.519943,249.184
1783750756.540122,249.184
1783750756.560269,249.184
1783750756.580427,249.184
1783750756.600575,249.775
1783750756.620715,249.775
1783750756.640907,249.775
1783750756.661059,249.775
1783750756.681209,249.775
1783750756.701353,249.876
1783750756.721494,249.876
1783750756.741649,249.876
1783750756.761802,249.876
1783750756.781945,249.876
1783750756.802122,249.358
1783750756.822276,249.358
1783750756.842424,249.358
1783750756.862569,249.358
1783750756.882715,249.358
1783750756.902933,249.486
1783750756.923073,249.486
1783750756.943217,249.486
1783750756.963362,249.486
1783750756.983510,248.518
1783750757.003656,248.518
1783750757.023801,248.518
1783750757.043943,248.518
1783750757.064091,248.518
1783750757.084247,248.938
1783750757.104396,248.938
1783750757.124539,248.938
1783750757.144685,248.938
1783750757.164839,248.938
1783750757.184994,249.055
1783750757.205145,249.055
1783750757.225257,249.055
1783750757.245409,249.055
1783750757.265558,249.055
1783750757.285701,249.181
1783750757.305879,249.181
1783750757.326025,249.181
1783750757.346166,249.181
1783750757.366309,249.181
1783750757.386449,249.271
1783750757.406599,249.271
1783750757.426782,249.271
1783750757.446929,249.271
1783750757.467074,249.271
1783750757.487217,249.712
1783750757.507358,249.712
1783750757.527502,249.712
1783750757.547648,249.712
1783750757.567791,249.712
1783750757.587930,249.936
1783750757.608077,249.936
1783750757.628217,249.936
1783750757.648360,249.936
1783750757.668517,249.936
1783750757.688661,250.052
1783750757.708804,250.052
1783750757.728940,250.052
1783750757.749099,250.052
1783750757.769247,250.052
1783750757.789389,249.504
1783750757.809534,249.504
1783750757.829716,249.504
1783750757.849908,249.504
1783750757.870049,249.504
1783750757.890192,249.582
1783750757.910344,249.582
1783750757.930485,249.582
1783750757.950629,249.582
1783750757.970776,249.582
1783750757.990923,250.614
1783750758.011072,250.614
1783750758.031214,250.614
1783750758.051358,250.614
1783750758.071541,250.614
1783750758.091681,249.702
1783750758.111828,249.702
1783750758.131968,249.702
1783750758.152114,249.702
1783750758.172273,249.702
1783750758.192419,250.161
1783750758.212561,250.161
1783750758.232699,250.161
1783750758.252914,250.161
1783750758.273062,250.161
1783750758.293205,250.350
1783750758.313349,250.350
1783750758.333493,250.350
1783750758.353637,250.350
1783750758.373783,250.350
1783750758.393925,249.526
1783750758.414068,249.526
1783750758.434213,249.526
1783750758.454365,249.526
1783750758.474511,249.526
1783750758.494661,249.583
1783750758.514802,249.583
1783750758.534945,249.583
1783750758.555091,249.583
1783750758.575243,249.583
1783750758.595384,249.426
1783750758.615530,249.426
1783750758.635669,249.426
1783750758.655815,249.426
1783750758.675980,249.426
1783750758.696122,248.502
1783750758.716262,248.502
1783750758.736401,248.502
1783750758.756561,248.502
1783750758.776712,248.502
1783750758.796898,248.671
1783750758.817037,248.671
1783750758.837186,248.671
1783750758.857338,248.671
1783750758.877480,248.671
1783750758.897625,249.068
1783750758.917777,249.068
1783750758.937919,249.068
1783750758.958064,249.068
1783750758.978210,249.068
1783750758.998361,249.012
1783750759.018501,249.012
1783750759.038645,249.012
1783750759.058787,249.012
1783750759.078941,249.012
1783750759.099087,249.190
1783750759.119264,249.190
1783750759.139405,249.190
1783750759.159545,249.190
1783750759.179708,249.190
1783750759.199909,249.146
1783750759.220047,249.146
1783750759.240186,249.146
1783750759.260347,249.146
1783750759.280532,249.146
1783750759.300777,249.142
1783750759.320994,249.142
1783750759.341200,249.142
1783750759.361421,249.142
1783750759.381566,249.142
1783750759.401706,249.769
1783750759.421895,249.769
1783750759.442042,249.769
1783750759.462183,249.769
1783750759.482329,249.769
1783750759.502471,249.947
1783750759.522611,249.947
1783750759.542754,249.947
1783750759.562898,249.947
1783750759.583049,249.947
1783750759.603188,249.349
1783750759.623333,249.349
1783750759.643475,249.349
1783750759.663623,249.349
1783750759.683784,249.349
1783750759.703930,250.441
1783750759.724071,250.441
1783750759.744218,250.441
1783750759.764378,250.441
1783750759.784528,250.998
1783750759.804671,250.998
1783750759.824811,250.998
1783750759.844971,250.998
1783750759.865122,250.998
1783750759.885269,251.207
1783750759.905409,251.207
1783750759.925557,251.207
1783750759.945707,251.207
1783750759.965892,251.207
1783750759.986035,250.645
1783750760.006185,250.645
1783750760.026329,250.645
1783750760.046474,250.645
1783750760.066620,250.645
1783750760.086773,251.329
1783750760.106912,251.329
1783750760.127055,251.329
1783750760.147197,251.329
1783750760.167338,251.329
1783750760.187495,251.420
1783750760.207641,251.420
1783750760.227781,251.420
1783750760.247923,251.420
1783750760.268090,251.420
1783750760.288235,250.177
1783750760.308377,250.177
1783750760.328514,250.177
1783750760.348658,250.177
1783750760.368806,250.177
1783750760.388983,250.205
1783750760.409121,250.205
1783750760.429263,250.205
1783750760.449411,250.205
1783750760.469555,250.205
1783750760.489701,250.239
1783750760.509906,250.239
1783750760.530016,250.239
1783750760.550160,250.239
1783750760.570307,250.239
1783750760.590459,250.434
1783750760.610604,250.434
1783750760.630716,250.434
1783750760.650929,250.434
1783750760.671076,250.434
1783750760.691219,251.107
1783750760.711364,251.107
1783750760.731503,251.107
1783750760.751650,251.107
1783750760.771817,251.107
1783750760.791971,251.552
1783750760.812114,251.552
1783750760.832251,251.552
1783750760.852411,251.552
1783750760.872564,251.552
1783750760.892707,251.520
1783750760.912899,251.520
1783750760.933013,251.520
1783750760.953160,251.520
1783750760.973305,251.520
1783750760.993451,252.177
1783750761.013601,252.177
1783750761.033713,252.177
1783750761.053910,252.177
1783750761.074055,252.177
1783750761.094205,252.361
1783750761.114345,252.361
1783750761.134458,252.361
1783750761.154603,252.361
1783750761.174752,252.361
1783750761.194893,252.713
1783750761.215040,252.713
1783750761.235150,252.713
1783750761.255293,252.713
1783750761.275459,252.713
1783750761.295608,253.417
1783750761.315751,253.417
1783750761.335888,253.417
1783750761.356048,253.417
1783750761.376200,253.417
1783750761.396345,254.391
1783750761.416486,254.391
1783750761.436629,254.391
1783750761.456786,254.391
1783750761.476931,254.391
1783750761.497077,254.785
1783750761.517230,254.785
1783750761.537369,254.785
1783750761.557513,254.785
1783750761.577659,254.785
1783750761.597811,254.420
1783750761.617953,254.420
1783750761.638095,254.420
1783750761.658241,254.420
1783750761.678417,254.420
1783750761.698563,253.407
1783750761.718707,253.407
1783750761.738890,253.407
1783750761.759034,253.407
1783750761.779185,253.407
1783750761.799337,252.872
1783750761.819480,252.872
1783750761.839618,252.872
1783750761.859790,252.872
1783750761.879935,252.872
1783750761.900077,252.237
1783750761.920217,252.237
1783750761.940391,252.237
1783750761.960539,252.237
1783750761.980683,252.237
1783750762.000828,252.074
1783750762.020980,252.074
1783750762.041121,252.074
1783750762.061265,252.074
1783750762.081412,252.074
1783750762.101564,252.332
1783750762.121706,252.332
1783750762.141896,252.332
1783750762.162041,252.332
1783750762.182193,252.332
1783750762.202355,251.674
1783750762.222501,251.674
1783750762.242641,251.674
1783750762.262789,251.674
1783750762.282933,251.674
1783750762.303083,252.583
1783750762.323196,252.583
1783750762.343335,252.583
1783750762.363502,252.583
1783750762.383654,252.583
1783750762.403796,252.363
1783750762.423934,252.363
1783750762.444080,252.363
1783750762.464223,252.363
1783750762.484367,252.363
1783750762.504508,250.759
1783750762.524624,250.759
1783750762.544773,250.759
1783750762.564921,250.759
1783750762.585069,250.593
1783750762.605211,250.593
1783750762.625331,250.593
1783750762.645475,250.593
1783750762.665617,250.593
1783750762.685767,250.700
1783750762.705905,250.700
1783750762.726048,250.700
1783750762.746189,250.700
1783750762.766329,250.700
1783750762.786472,252.287
1783750762.806615,252.287
1783750762.826757,252.287
1783750762.846898,252.287
1783750762.867065,252.287
1783750762.887214,252.568
1783750762.907356,252.568
1783750762.927494,252.568
1783750762.947653,252.568
1783750762.967869,252.568
1783750762.988015,252.864
1783750763.008156,252.864
1783750763.028269,252.864
1783750763.048417,252.864
1783750763.068564,252.864
1783750763.088708,252.903
1783750763.108894,252.903
1783750763.129009,252.903
1783750763.149153,252.903
1783750763.169298,252.903
1783750763.189448,253.773
1783750763.209627,253.773
1783750763.229781,253.773
1783750763.249922,253.773
1783750763.270064,253.773
1783750763.290209,253.656
1783750763.310354,253.656
1783750763.330467,253.656
1783750763.350608,253.656
1783750763.370773,253.656
1783750763.390918,253.402
1783750763.411058,253.402
1783750763.431195,253.402
1783750763.451343,253.402
1783750763.471495,253.402
1783750763.491641,253.742
1783750763.511781,253.742
1783750763.531933,253.742
1783750763.552083,253.742
1783750763.572228,253.742
1783750763.592375,253.858
1783750763.612524,253.858
1783750763.632665,253.858
1783750763.652810,253.858
1783750763.672955,253.858
1783750763.693098,254.226
1783750763.713240,254.226
1783750763.733354,254.226
1783750763.753496,254.226
1783750763.773645,254.226
1783750763.793813,253.557
1783750763.813956,253.557
1783750763.834069,253.557
1783750763.854207,253.557
1783750763.874373,253.557
1783750763.894524,254.254
1783750763.914666,254.254
1783750763.934751,254.254
1783750763.954901,254.254
1783750763.975052,254.254
1783750763.995200,254.378
1783750764.015341,254.378
1783750764.035458,254.378
1783750764.055608,254.378
1783750764.075754,254.378
1783750764.095899,253.286
1783750764.116043,253.286
1783750764.136186,253.286
1783750764.156331,253.286
1783750764.176474,253.286
1783750764.196627,252.923
1783750764.216769,252.923
1783750764.236912,252.923
1783750764.257089,252.923
1783750764.277238,252.923
1783750764.297397,253.038
1783750764.317544,253.038
1783750764.337683,253.038
1783750764.357827,253.038
1783750764.377994,253.038
1783750764.398137,252.984
1783750764.418277,252.984
1783750764.438417,252.984
1783750764.458583,252.984
1783750764.478779,252.984
1783750764.498956,251.022
1783750764.519098,251.022
1783750764.539245,251.022
1783750764.559394,251.022
1783750764.579539,251.022
1783750764.599686,243.701
1783750764.619871,243.701
1783750764.640012,243.701
1783750764.660164,243.701
1783750764.680313,243.701
1783750764.700461,243.545
1783750764.720605,243.545
1783750764.740794,243.545
1783750764.760936,243.545
1783750764.781085,243.545
1783750764.801251,243.068
1783750764.821399,243.068
1783750764.841539,243.068
1783750764.861684,243.068
1783750764.881834,243.068
1783750764.901987,242.560
1783750764.922130,242.560
1783750764.942268,242.560
1783750764.962433,242.560
1783750764.982584,242.560
1783750765.002774,242.489
1783750765.022914,242.489
1783750765.043057,242.489
1783750765.063205,242.489
1783750765.083351,242.489
1783750765.103498,243.259
1783750765.123646,243.259
1783750765.143789,243.259
1783750765.163932,243.259
1783750765.184074,243.259
1783750765.204226,243.428
1783750765.224375,243.428
1783750765.244519,243.428
1783750765.264661,243.428
1783750765.284805,243.428
1783750765.304971,243.367
1783750765.325118,243.367
1783750765.345259,243.367
1783750765.365407,243.367
1783750765.385573,243.449
1783750765.405720,243.449
1783750765.425921,243.449
1783750765.446061,243.449
1783750765.466226,243.449
1783750765.486380,245.301
1783750765.506525,245.301
1783750765.526699,245.301
1783750765.546853,245.301
1783750765.566996,245.301
1783750765.587139,253.553
1783750765.607284,253.553
1783750765.627442,253.553
1783750765.647585,253.553
1783750765.667771,253.553
1783750765.687912,253.879
1783750765.708053,253.879
1783750765.728193,253.879
1783750765.748338,253.879
1783750765.768484,253.879
1783750765.788675,254.027
1783750765.808814,254.027
1783750765.828956,254.027
1783750765.849096,254.027
1783750765.869237,254.027
1783750765.889387,254.262
1783750765.909533,254.262
1783750765.929675,254.262
1783750765.949814,254.262
1783750765.969981,254.262
1783750765.990131,254.214
1783750766.010273,254.214
1783750766.030413,254.214
1783750766.050567,254.214
1783750766.070781,254.214
1783750766.090925,253.638
1783750766.111067,253.638
1783750766.131219,253.638
1783750766.151363,253.638
1783750766.171514,253.638
1783750766.191660,253.736
1783750766.211805,253.736
1783750766.231945,253.736
1783750766.252122,253.736
1783750766.272264,253.736
1783750766.292443,253.439
1783750766.312584,253.439
1783750766.332768,253.439
1783750766.352908,253.439
1783750766.373057,253.439
1783750766.393204,253.008
1783750766.413326,253.008
1783750766.433439,253.008
1783750766.453560,253.008
1783750766.473774,253.008
1783750766.493928,253.234
1783750766.514038,253.234
1783750766.534149,253.234
1783750766.554305,253.234
1783750766.574462,253.234
1783750766.594606,253.678
1783750766.614715,253.678
1783750766.634897,253.678
1783750766.655035,253.678
1783750766.675187,253.678
1783750766.695335,253.986
1783750766.715449,253.986
1783750766.735588,253.986
1783750766.755769,253.986
1783750766.775913,253.986
1783750766.796065,254.144
1783750766.816216,254.144
1783750766.836359,254.144
1783750766.856501,254.144
1783750766.876650,254.144
1783750766.896819,253.571
1783750766.916964,253.571
1783750766.937103,253.571
1783750766.957240,253.571
1783750766.977405,253.571
1783750766.997559,253.579
1783750767.017702,253.579
1783750767.037886,253.579
1783750767.058017,253.579
1783750767.078153,253.579
1783750767.098287,254.750
1783750767.118435,254.750
1783750767.138588,254.750
1783750767.158789,254.750
1783750767.178930,254.750
1783750767.199074,255.194
1783750767.219222,255.194
1783750767.239361,255.194
1783750767.259505,255.194
1783750767.279650,255.194
1783750767.299804,254.549
1783750767.319947,254.549
1783750767.340090,254.549
1783750767.360231,254.549
1783750767.380383,254.549
1783750767.400525,255.464
1783750767.420669,255.464
1783750767.440810,255.464
1783750767.460949,255.464
1783750767.481113,255.464
1783750767.501267,255.331
1783750767.521411,255.331
1783750767.541550,255.331
1783750767.561712,255.331
1783750767.581929,255.331
1783750767.602077,254.650
1783750767.622224,254.650
1783750767.642369,254.650
1783750767.662519,254.650
1783750767.682666,254.650
1783750767.702812,254.942
1783750767.722954,254.942
1783750767.743094,254.942
1783750767.763241,254.942
1783750767.783388,254.942
1783750767.803542,255.055
1783750767.823689,255.055
1783750767.843855,255.055
1783750767.863997,255.055
1783750767.884142,255.055
1783750767.904306,255.543
1783750767.924450,255.543
1783750767.944589,255.543
1783750767.964793,255.543
1783750767.984961,255.543
1783750768.005112,255.055
1783750768.025256,255.055
1783750768.045396,255.055
1783750768.065562,255.055
1783750768.085715,255.055
1783750768.105953,254.846
1783750768.126094,254.846
1783750768.146249,254.846
1783750768.166402,254.846
1783750768.186547,254.623
1783750768.206697,254.623
1783750768.226901,254.623
1783750768.247041,254.623
1783750768.267193,254.623
1783750768.287338,254.405
1783750768.307492,254.405
1783750768.327634,254.405
1783750768.347810,254.405
1783750768.367953,254.405
1783750768.388106,254.682
1783750768.408261,254.682
1783750768.428406,254.682
1783750768.448546,254.682
1783750768.468692,254.682
1783750768.488911,254.834
1783750768.509066,254.834
1783750768.529210,254.834
1783750768.549319,254.834
1783750768.569480,254.834
1783750768.589635,255.826
1783750768.609779,255.826
1783750768.629917,255.826
1783750768.650061,255.826
1783750768.670215,255.826
1783750768.690362,255.913
1783750768.710509,255.913
1783750768.730662,255.913
1783750768.750801,255.913
1783750768.770948,255.913
1783750768.791095,255.614
1783750768.811246,255.614
1783750768.831388,255.614
1783750768.851531,255.614
1783750768.871671,255.614
1783750768.891814,254.197
1783750768.911955,254.197
1783750768.932103,254.197
1783750768.952244,254.197
1783750768.972389,254.197
1783750768.992555,254.858
1783750769.012700,254.858
1783750769.032892,254.858
1783750769.053029,254.858
1783750769.073195,254.858
1783750769.093349,254.776
1783750769.113492,254.776
1783750769.133631,254.776
1783750769.153774,254.776
1783750769.173930,254.776
1783750769.194077,254.401
1783750769.214217,254.401
1783750769.234370,254.401
1783750769.254510,254.401
1783750769.274657,254.401
1783750769.294803,255.356
1783750769.314949,255.356
1783750769.335090,255.356
1783750769.355232,255.356
1783750769.375379,255.356
1783750769.395559,255.461
1783750769.415703,255.461
1783750769.435898,255.461
1783750769.456037,255.461
1783750769.476181,255.461
1783750769.496326,254.761
1783750769.516470,254.761
1783750769.536614,254.761
1783750769.556754,254.761
1783750769.576902,254.761
1783750769.597048,254.366
1783750769.617188,254.366
1783750769.637362,254.366
1783750769.657510,254.366
1783750769.677658,254.366
1783750769.697802,254.145
1783750769.717943,254.145
1783750769.738100,254.145
1783750769.758239,254.145
1783750769.778379,254.145
1783750769.798519,254.040
1783750769.818663,254.040
1783750769.838805,254.040
1783750769.858950,254.040
1783750769.879096,254.040
1783750769.899241,254.641
1783750769.919387,254.641
1783750769.939534,254.641
1783750769.959676,254.641
1783750769.979826,254.641
1783750770.000004,255.018
1783750770.020151,255.018
1783750770.040293,255.018
1783750770.060434,255.018
1783750770.080602,255.018
1783750770.100813,255.144
1783750770.120957,255.144
1783750770.141099,255.144
1783750770.161255,255.144
1783750770.181411,255.144
1783750770.201558,255.391
1783750770.221704,255.391
1783750770.241917,255.391
1783750770.262058,255.391
1783750770.282202,255.391
1783750770.302349,255.629
1783750770.322500,255.629
1783750770.342643,255.629
1783750770.362788,255.629
1783750770.382934,255.629
1783750770.403083,255.489
1783750770.423224,255.489
1783750770.443368,255.489
1783750770.463511,255.489
1783750770.483660,255.489
1783750770.503825,254.915
1783750770.523969,254.915
1783750770.544109,254.915
1783750770.564250,254.915
1783750770.584418,254.915
1783750770.604569,255.111
1783750770.624714,255.111
1783750770.644903,255.111
1783750770.665094,255.111
1783750770.685249,255.111
1783750770.705391,254.824
1783750770.725532,254.824
1783750770.745677,254.824
1783750770.765818,254.824
1783750770.785970,254.824
1783750770.806118,254.369
1783750770.826269,254.369
1783750770.846416,254.369
1783750770.866564,254.369
1783750770.886709,254.369
1783750770.906920,254.876
1783750770.927095,254.876
1783750770.947245,254.876
1783750770.967387,254.876
1783750770.987536,254.789
1783750771.007703,254.789
1783750771.027907,254.789
1783750771.048048,254.789
1783750771.068191,254.789
1783750771.088355,253.678
1783750771.108509,253.678
1783750771.128651,253.678
1783750771.148789,253.678
1783750771.168940,253.678
1783750771.189093,253.845
1783750771.209241,253.845
1783750771.229381,253.845
1783750771.249526,253.845
1783750771.269674,253.845
1783750771.289816,253.597
1783750771.309962,253.597
1783750771.330106,253.597
1783750771.350244,253.597
1783750771.370389,253.597
1783750771.390534,253.395
1783750771.410687,253.395
1783750771.430827,253.395
1783750771.450945,253.395
1783750771.471087,253.395
1783750771.491237,254.130
1783750771.511404,254.130
1783750771.531552,254.130
1783750771.551689,254.130
1783750771.571874,254.130
1783750771.592038,254.247
1783750771.612188,254.247
1783750771.632330,254.247
1783750771.652468,254.247
1783750771.672634,254.247
1783750771.692787,254.900
1783750771.712931,254.900
1783750771.733072,254.900
1783750771.753216,254.900
1783750771.773364,254.900
1783750771.793507,255.495
1783750771.813655,255.495
1783750771.833801,255.495
1783750771.853941,255.495
1783750771.874090,255.495
1783750771.894235,254.318
1783750771.914387,254.318
1783750771.934529,254.318
1783750771.954705,254.318
1783750771.974921,254.318
1783750771.995071,253.642
1783750772.015239,253.642
1783750772.035385,253.642
1783750772.055525,253.642
1783750772.075666,253.642
1783750772.095833,254.826
1783750772.115978,254.826
1783750772.136120,254.826
1783750772.156256,254.826
1783750772.176418,254.826
1783750772.196569,254.799
1783750772.216753,254.799
1783750772.236892,254.799
1783750772.257044,254.799
1783750772.277202,254.799
1783750772.297344,254.746
1783750772.317483,254.746
1783750772.337634,254.746
1783750772.357772,254.746
1783750772.377921,254.746
1783750772.398063,254.253
1783750772.418210,254.253
1783750772.438353,254.253
1783750772.458496,254.253
1783750772.478637,254.253
1783750772.498786,254.254
1783750772.518929,254.254
1783750772.539073,254.254
1783750772.559212,254.254
1783750772.579359,254.254
1783750772.599526,253.930
1783750772.619672,253.930
1783750772.639815,253.930
1783750772.659952,253.930
1783750772.680118,253.930
1783750772.700272,253.366
1783750772.720415,253.366
1783750772.740556,253.366
1783750772.760701,253.366
1783750772.780902,253.366
1783750772.801047,253.512
1783750772.821187,253.512
1783750772.841341,253.512
1783750772.861478,253.512
1783750772.881621,253.512
1783750772.901766,253.824
1783750772.921916,253.824
1783750772.942059,253.824
1783750772.962202,253.824
1783750772.982347,253.824
1783750773.002495,254.137
1783750773.022639,254.137
1783750773.042784,254.137
1783750773.062925,254.137
1783750773.083071,254.137
1783750773.103235,254.132
1783750773.123378,254.132
1783750773.143520,254.132
1783750773.163658,254.132
1783750773.183819,254.132
1783750773.203972,254.091
1783750773.224114,254.091
1783750773.244295,254.091
1783750773.264450,254.091
1783750773.284596,254.091
1783750773.304829,254.135
1783750773.324970,254.135
1783750773.345127,254.135
1783750773.365268,254.135
1783750773.385414,254.135
1783750773.405557,254.556
1783750773.425706,254.556
1783750773.445896,254.556
1783750773.466040,254.556
1783750773.486211,254.556
1783750773.506358,254.606
1783750773.526500,254.606
1783750773.546646,254.606
1783750773.566787,254.606
1783750773.586935,254.606
1783750773.607095,254.886
1783750773.627244,254.886
1783750773.647388,254.886
1783750773.667527,254.886
1783750773.687688,254.886
1783750773.707863,255.316
1783750773.728004,255.316
1783750773.748142,255.316
1783750773.768297,255.316
1783750773.788454,255.508
1783750773.808601,255.508
1783750773.828785,255.508
1783750773.848937,255.508
1783750773.869077,255.508
1783750773.889220,255.401
1783750773.909367,255.401
1783750773.929511,255.401
1783750773.949660,255.401
1783750773.969805,255.401
1783750773.989951,255.897
1783750774.010105,255.897
1783750774.030244,255.897
1783750774.050406,255.897
1783750774.070549,255.897
1783750774.090697,255.780
1783750774.110909,255.780
1783750774.131054,255.780
1783750774.151195,255.780
1783750774.171336,255.780
1783750774.191496,255.723
1783750774.211645,255.723
1783750774.231789,255.723
1783750774.251933,255.723
1783750774.272085,255.723
1783750774.292229,255.236
1783750774.312375,255.236
1783750774.332515,255.236
1783750774.352673,255.236
1783750774.372814,255.236
1783750774.392960,256.142
1783750774.413106,256.142
1783750774.433257,256.142
1783750774.453418,256.142
1783750774.473565,256.142
1783750774.493711,256.568
1783750774.513914,256.568
1783750774.534091,256.568
1783750774.554241,256.568
1783750774.574383,256.568
1783750774.594534,255.443
1783750774.614701,255.443
1783750774.634901,255.443
1783750774.655043,255.443
1783750774.675182,255.443
1783750774.695341,255.996
1783750774.715487,255.996
1783750774.735631,255.996
1783750774.755774,255.996
1783750774.775984,255.996
1783750774.796131,255.829
1783750774.816279,255.829
1783750774.836421,255.829
1783750774.856578,255.829
1783750774.876720,255.829
1783750774.896916,255.668
1783750774.917064,255.668
1783750774.937208,255.668
1783750774.957355,255.668
1783750774.977502,255.668
1783750774.997644,256.405
1783750775.017795,256.405
1783750775.037936,256.405
1783750775.058086,256.405
1783750775.078229,256.405
1783750775.098380,256.274
1783750775.118547,256.274
1783750775.138694,256.274
1783750775.158899,256.274
1783750775.179046,256.274
1783750775.199213,256.224
1783750775.219366,256.224
1783750775.239509,256.224
1783750775.259648,256.224
1783750775.279815,256.224
1783750775.299964,256.541
1783750775.320109,256.541
1783750775.340248,256.541
1783750775.360394,256.541
1783750775.380540,256.541
1783750775.400654,256.766
1783750775.420794,256.766
1783750775.440944,256.766
1783750775.461086,256.766
1783750775.481230,256.766
1783750775.501377,256.156
1783750775.521524,256.156
1783750775.541665,256.156
1783750775.561806,256.156
1783750775.581951,256.156
1783750775.602099,256.862
1783750775.622240,256.862
1783750775.642387,256.862
1783750775.662528,256.862
1783750775.682677,256.862
1783750775.702845,256.796
1783750775.722991,256.796
1783750775.743135,256.796
1783750775.763280,256.796
1783750775.783447,256.796
1783750775.803638,256.718
1783750775.823782,256.718
1783750775.843928,256.718
1783750775.864080,256.718
1783750775.884230,256.718
1783750775.904376,255.890
1783750775.924520,255.890
1783750775.944672,255.890
1783750775.964810,255.890
1783750775.984957,255.890
1783750776.005107,255.987
1783750776.025257,255.987
1783750776.045440,255.987
1783750776.065616,255.987
1783750776.085760,255.987
1783750776.105911,256.104
1783750776.126052,256.104
1783750776.146201,256.104
1783750776.166342,256.104
1783750776.186491,256.104
1783750776.206650,255.880
1783750776.226794,255.880
1783750776.246940,255.880
1783750776.267080,255.880
1783750776.287233,255.880
1783750776.307380,256.124
1783750776.327525,256.124
1783750776.347672,256.124
1783750776.367818,256.124
1783750776.387975,256.124
1783750776.408120,255.788
1783750776.428262,255.788
1783750776.448421,255.788
1783750776.468561,255.788
1783750776.488713,255.788
1783750776.508909,256.090
1783750776.529056,256.090
1783750776.549198,256.090
1783750776.569343,256.090
1783750776.589488,256.301
1783750776.609637,256.301
1783750776.629779,256.301
1783750776.649930,256.301
1783750776.670073,256.301
1783750776.690215,256.569
1783750776.710359,256.569
1783750776.730504,256.569
1783750776.750647,256.569
1783750776.770787,256.569
1783750776.790941,256.495
1783750776.811091,256.495
1783750776.831234,256.495
1783750776.851379,256.495
1783750776.871531,256.495
1783750776.891678,257.485
1783750776.911822,257.485
1783750776.931964,257.485
1783750776.952120,257.485
1783750776.972261,257.485
1783750776.992408,257.586
1783750777.012554,257.586
1783750777.032699,257.586
1783750777.052903,257.586
1783750777.073048,257.586
1783750777.093225,256.811
1783750777.113373,256.811
1783750777.133514,256.811
1783750777.153669,256.811
1783750777.173812,256.811
1783750777.193962,257.344
1783750777.214130,257.344
1783750777.234245,257.344
1783750777.254389,257.344
1783750777.274531,257.344
1783750777.294699,257.189
1783750777.314906,257.189
1783750777.335019,257.189
1783750777.355199,257.189
1783750777.375305,257.189
1783750777.395431,256.482
1783750777.415572,256.482
1783750777.435685,256.482
1783750777.455840,256.482
1783750777.475980,256.482
1783750777.496129,256.594
1783750777.516279,256.594
1783750777.536424,256.594
1783750777.556571,256.594
1783750777.576718,256.594
1783750777.596919,256.924
1783750777.617071,256.924
1783750777.637214,256.924
1783750777.657361,256.924
1783750777.677501,256.924
1783750777.697651,257.025
1783750777.717797,257.025
1783750777.737942,257.025
1783750777.758085,257.025
1783750777.778229,257.025
1783750777.798377,256.709
1783750777.818527,256.709
1783750777.838672,256.709
1783750777.858817,256.709
1783750777.878965,256.709
1783750777.899108,256.379
1783750777.919252,256.379
1783750777.939391,256.379
1783750777.959547,256.379
1783750777.979690,256.379
1783750777.999885,256.223
1783750778.020031,256.223
1783750778.040181,256.223
1783750778.060344,256.223
1783750778.080490,256.223
1783750778.100638,256.333
1783750778.120791,256.333
1783750778.140936,256.333
1783750778.161090,256.333
1783750778.181233,256.333
1783750778.201383,256.575
1783750778.221551,256.575
1783750778.241696,256.575
1783750778.261889,256.575
1783750778.282029,256.575
1783750778.302191,256.662
1783750778.322336,256.662
1783750778.342478,256.662
1783750778.362621,256.662
1783750778.382815,256.662
1783750778.402956,256.372
1783750778.423099,256.372
1783750778.443243,256.372
1783750778.463398,256.372
1783750778.483547,256.372
1783750778.503688,256.171
1783750778.523831,256.171
1783750778.543980,256.171
1783750778.564136,256.171
1783750778.584283,256.171
1783750778.604428,255.926
1783750778.624609,255.926
1783750778.644756,255.926
1783750778.664905,255.926
1783750778.685049,255.926
1783750778.705201,255.246
1783750778.725348,255.246
1783750778.745498,255.246
1783750778.765642,255.246
1783750778.785787,255.246
1783750778.805937,255.971
1783750778.826083,255.971
1783750778.846227,255.971
1783750778.866373,255.971
1783750778.886530,255.971
1783750778.906684,256.032
1783750778.926859,256.032
1783750778.947001,256.032
1783750778.967160,256.032
1783750778.987314,256.032
1783750779.007461,254.974
1783750779.027606,254.974
1783750779.047758,254.974
1783750779.067910,254.974
1783750779.088058,254.974
1783750779.108204,255.309
1783750779.128350,255.309
1783750779.148493,255.309
1783750779.168643,255.309
1783750779.188787,255.309
1783750779.208937,255.075
1783750779.229078,255.075
1783750779.249224,255.075
1783750779.269366,255.075
1783750779.289509,255.075
1783750779.309669,255.088
1783750779.329813,255.088
1783750779.349957,255.088
1783750779.370103,255.088
1783750779.390263,255.568
1783750779.410409,255.568
1783750779.430550,255.568
1783750779.450692,255.568
1783750779.470899,255.568
1783750779.491044,255.698
1783750779.511186,255.698
1783750779.531331,255.698
1783750779.551487,255.698
1783750779.571647,255.698
1783750779.591801,255.223
1783750779.611950,255.223
1783750779.632103,255.223
1783750779.652248,255.223
1783750779.672434,255.223
1783750779.692578,254.710
1783750779.712690,254.710
1783750779.732835,254.710
1783750779.752985,254.710
1783750779.773128,254.710
1783750779.793278,254.687
1783750779.813431,254.687
1783750779.833575,254.687
1783750779.853721,254.687
1783750779.873899,254.687
1783750779.894056,254.803
1783750779.914239,254.803
1783750779.934384,254.803
1783750779.954532,254.803
1783750779.974679,254.803
1783750779.994831,255.669
1783750780.014979,255.669
1783750780.035119,255.669
1783750780.055268,255.669
1783750780.075408,255.669
1783750780.095560,256.075
1783750780.115708,256.075
1783750780.135907,256.075
1783750780.156049,256.075
1783750780.176193,256.075
1783750780.196335,256.274
1783750780.216487,256.274
1783750780.236629,256.274
1783750780.256784,256.274
1783750780.276925,256.274
1783750780.297071,255.745
1783750780.317236,255.745
1783750780.337380,255.745
1783750780.357552,255.745
1783750780.377694,255.745
1783750780.397902,256.225
1783750780.418047,256.225
1783750780.438190,256.225
1783750780.458339,256.225
1783750780.478487,256.225
1783750780.498636,255.993
1783750780.518743,255.993
1783750780.538833,255.993
1783750780.558932,255.993
1783750780.579026,255.993
1783750780.599155,254.518
1783750780.619304,254.518
1783750780.639446,254.518
1783750780.659585,254.518
1783750780.679776,254.518
1783750780.699893,255.532
1783750780.720037,255.532
1783750780.740180,255.532
1783750780.760326,255.532
1783750780.780463,255.532
1783750780.800607,255.821
1783750780.820755,255.821
1783750780.840897,255.821
1783750780.861040,255.821
1783750780.881179,255.821
1783750780.901343,255.901
1783750780.921488,255.901
1783750780.941670,255.901
1783750780.961818,255.901
1783750780.981972,255.901
1783750781.002117,256.303
1783750781.022263,256.303
1783750781.042434,256.303
1783750781.062590,256.303
1783750781.082789,256.303
1783750781.102938,256.223
1783750781.123079,256.223
1783750781.143223,256.223
1783750781.163384,256.223
1783750781.183528,256.223
1783750781.203711,255.698
1783750781.223901,255.698
1783750781.244041,255.698
1783750781.264189,255.698
1783750781.284331,255.698
1783750781.304475,255.737
1783750781.324619,255.737
1783750781.344762,255.737
1783750781.364904,255.737
1783750781.385045,255.737
1783750781.405190,255.727
1783750781.425341,255.727
1783750781.445482,255.727
1783750781.465629,255.727
1783750781.485778,255.727
1783750781.505924,255.708
1783750781.526067,255.708
1783750781.546208,255.708
1783750781.566362,255.708
1783750781.586504,255.708
1783750781.606654,256.934
1783750781.626799,256.934
1783750781.646944,256.934
1783750781.667099,256.934
1783750781.687243,256.934
1783750781.707390,257.248
1783750781.727535,257.248
1783750781.747677,257.248
1783750781.767828,257.248
1783750781.787969,257.248
1783750781.808115,257.145
1783750781.828228,257.145
1783750781.848373,257.145
1783750781.868514,257.145
1783750781.888654,257.145
1783750781.908819,256.031
1783750781.928937,256.031
1783750781.949078,256.031
1783750781.969222,256.031
1783750781.989382,256.031
1783750782.009538,255.789
1783750782.029659,255.789
1783750782.049747,255.789
1783750782.069856,255.789
1783750782.089985,255.789
1783750782.110129,255.542
1783750782.130271,255.542
1783750782.150417,255.542
1783750782.170558,255.542
1783750782.190704,255.533
1783750782.210884,255.533
1783750782.231066,255.533
1783750782.251206,255.533
1783750782.271353,255.533
1783750782.291494,255.601
1783750782.311643,255.601
1783750782.331788,255.601
1783750782.351929,255.601
1783750782.372072,255.601
1783750782.392215,255.825
1783750782.412342,255.825
1783750782.432485,255.825
1783750782.452627,255.825
1783750782.472775,255.825
1783750782.492970,255.289
1783750782.513128,255.289
1783750782.533269,255.289
1783750782.553411,255.289
1783750782.573570,255.289
1783750782.593717,255.757
1783750782.613914,255.757
1783750782.634058,255.757
1783750782.654209,255.757
1783750782.674353,255.757
1783750782.694501,255.799
1783750782.714640,255.799
1783750782.734789,255.799
1783750782.754934,255.799
1783750782.775083,255.799
1783750782.795223,255.036
1783750782.815373,255.036
1783750782.835517,255.036
1783750782.855663,255.036
1783750782.875807,255.036
1783750782.895953,255.545
1783750782.916109,255.545
1783750782.936254,255.545
1783750782.956396,255.545
1783750782.976542,255.545
1783750782.996707,256.079
1783750783.016906,256.079
1783750783.037050,256.079
1783750783.057195,256.079
1783750783.077353,256.079
1783750783.097507,255.890
1783750783.117653,255.890
1783750783.137796,255.890
1783750783.157949,255.890
1783750783.178111,255.890
1783750783.198264,256.925
1783750783.218405,256.925
1783750783.238555,256.925
1783750783.258701,256.925
1783750783.278907,256.925
1783750783.299051,256.777
1783750783.319200,256.777
1783750783.339346,256.777
1783750783.359495,256.777
1783750783.379637,256.777
1783750783.399788,256.259
1783750783.419935,256.259
1783750783.440078,256.259
1783750783.460220,256.259
1783750783.480360,256.259
1783750783.500519,256.520
1783750783.520706,256.520
1783750783.540893,256.520
1783750783.561037,256.520
1783750783.581199,256.520
1783750783.601357,256.779
1783750783.621504,256.779
1783750783.641651,256.779
1783750783.661798,256.779
1783750783.681948,256.779
1783750783.702099,256.642
1783750783.722248,256.642
1783750783.742399,256.642
1783750783.762584,256.642
1783750783.782776,256.642
1783750783.802918,257.084
1783750783.823065,257.084
1783750783.843218,257.084
1783750783.863366,257.084
1783750783.883506,257.084
1783750783.903656,257.429
1783750783.923801,257.429
1783750783.943949,257.429
1783750783.964097,257.429
1783750783.984239,257.429
1783750784.004398,257.525
1783750784.024550,257.525
1783750784.044694,257.525
1783750784.064903,257.525
1783750784.085049,257.525
1783750784.105199,257.389
1783750784.125341,257.389
1783750784.145490,257.389
1783750784.165639,257.389
1783750784.185781,257.389
1783750784.205932,257.333
1783750784.226080,257.333
1783750784.246233,257.333
1783750784.266376,257.333
1783750784.286489,257.333
1783750784.306632,257.354
1783750784.326751,257.354
1783750784.346863,257.354
1783750784.366979,257.354
1783750784.387104,257.354
1783750784.407214,256.970
1783750784.427307,256.970
1783750784.447438,256.970
1783750784.467587,256.970
1783750784.487782,256.970
1783750784.507932,257.641
1783750784.528075,257.641
1783750784.548218,257.641
1783750784.568359,257.641
1783750784.588508,257.641
1783750784.608653,257.316
1783750784.628796,257.316
1783750784.648937,257.316
1783750784.669088,257.316
1783750784.689225,257.316
1783750784.709368,256.848
1783750784.729515,256.848
1783750784.749697,256.848
1783750784.769896,256.848
1783750784.790039,256.848
1783750784.810244,257.482
1783750784.830390,257.482
1783750784.850502,257.482
1783750784.870607,257.482
1783750784.890688,257.482
1783750784.910776,257.257
1783750784.930874,257.257
1783750784.950996,257.257
1783750784.971124,257.257
1783750784.991271,257.257
1783750785.011436,255.946
1783750785.031579,255.946
1783750785.051763,255.946
1783750785.071908,255.946
1783750785.092062,256.714
1783750785.112215,256.714
1783750785.132360,256.714
1783750785.152507,256.714
1783750785.172635,256.714
1783750785.192777,256.918
1783750785.212926,256.918
1783750785.233038,256.918
1783750785.253191,256.918
1783750785.273346,256.918
1783750785.293494,256.328
1783750785.313641,256.328
1783750785.333753,256.328
1783750785.353898,256.328
1783750785.374050,256.328
1783750785.394193,256.500
1783750785.414338,256.500
1783750785.434479,256.500
1783750785.454621,256.500
1783750785.474765,256.500
1783750785.494906,256.805
1783750785.515074,256.805
1783750785.535218,256.805
1783750785.555361,256.805
1783750785.575510,256.805
1783750785.595669,256.891
1783750785.615825,256.891
1783750785.635969,256.891
1783750785.656111,256.891
1783750785.676272,256.891
1783750785.696415,256.813
1783750785.716561,256.813
1783750785.736703,256.813
1783750785.756866,256.813
1783750785.777018,256.813
1783750785.797166,256.786
1783750785.817313,256.786
1783750785.837458,256.786
1783750785.857601,256.786
1783750785.877817,256.786
1783750785.897930,256.922
1783750785.918077,256.922
1783750785.938223,256.922
1783750785.958369,256.922
1783750785.978512,256.922
1783750785.998653,257.558
1783750786.018805,257.558
1783750786.038949,257.558
1783750786.059090,257.558
1783750786.079275,257.558
1783750786.099437,257.401
1783750786.119594,257.401
1783750786.139782,257.401
1783750786.159925,257.401
1783750786.180084,257.401
1783750786.200229,257.161
1783750786.220381,257.161
1783750786.240529,257.161
1783750786.260675,257.161
1783750786.280828,257.161
1783750786.300976,255.959
1783750786.321123,255.959
1783750786.341306,255.959
1783750786.361448,255.959
1783750786.381597,255.959
1783750786.401779,256.588
1783750786.421923,256.588
1783750786.442070,256.588
1783750786.462215,256.588
1783750786.482358,256.588
1783750786.502503,256.745
1783750786.522652,256.745
1783750786.542794,256.745
1783750786.562934,256.745
1783750786.583079,256.745
1783750786.603241,256.024
1783750786.623399,256.024
1783750786.643542,256.024
1783750786.663683,256.024
1783750786.683843,256.024
1783750786.703992,256.867
1783750786.724135,256.867
1783750786.744283,256.867
1783750786.764434,256.867
1783750786.784596,256.867
1783750786.804806,257.230
1783750786.824950,257.230
1783750786.845103,257.230
1783750786.865247,257.230
1783750786.885394,257.230
1783750786.905537,256.886
1783750786.925680,256.886
1783750786.945824,256.886
1783750786.965967,256.886
1783750786.986109,256.886
1783750787.006255,257.246
1783750787.026415,257.246
1783750787.046565,257.246
1783750787.066708,257.246
1783750787.086904,257.246
1783750787.107064,257.223
1783750787.127210,257.223
1783750787.147355,257.223
1783750787.167500,257.223
1783750787.187659,257.223
1783750787.207805,256.792
1783750787.227951,256.792
1783750787.248097,256.792
1783750787.268249,256.792
1783750787.288361,256.792
1783750787.308514,257.768
1783750787.328627,257.768
1783750787.348774,257.768
1783750787.368937,257.768
1783750787.389082,257.768
1783750787.409221,257.766
1783750787.429366,257.766
1783750787.449512,257.766
1783750787.469662,257.766
1783750787.489805,257.766
1783750787.509946,257.327
1783750787.530090,257.327
1783750787.550238,257.327
1783750787.570379,257.327
1783750787.590518,257.327
1783750787.610679,257.714
1783750787.630910,257.714
1783750787.651055,257.714
1783750787.671196,257.714
1783750787.691342,257.714
1783750787.711497,257.498
1783750787.731640,257.498
1783750787.751790,257.498
1783750787.771938,257.498
1783750787.792079,257.498
1783750787.812230,257.286
1783750787.832377,257.286
1783750787.852531,257.286
1783750787.872675,257.286
1783750787.892820,256.185
1783750787.912962,256.185
1783750787.933108,256.185
1783750787.953251,256.185
1783750787.973403,256.185
1783750787.993544,255.944
1783750788.013695,255.944
1783750788.033887,255.944
1783750788.054036,255.944
1783750788.074181,255.944
1783750788.094321,255.904
1783750788.114483,255.904
1783750788.134626,255.904
1783750788.154773,255.904
1783750788.174915,255.904
1783750788.195067,255.409
1783750788.215213,255.409
1783750788.235330,255.409
1783750788.255481,255.409
1783750788.275633,255.409
1783750788.295776,256.168
1783750788.315921,256.168
1783750788.336063,256.168
1783750788.356210,256.168
1783750788.376353,256.168
1783750788.396501,256.518
1783750788.416646,256.518
1783750788.436790,256.518
1783750788.456935,256.518
1783750788.477081,256.518
1783750788.497220,256.702
1783750788.517371,256.702
1783750788.537516,256.702
1783750788.557665,256.702
1783750788.577811,256.702
1783750788.597952,257.096
1783750788.618117,257.096
1783750788.638259,257.096
1783750788.658437,257.096
1783750788.678581,257.096
1783750788.698771,257.022
1783750788.718917,257.022
1783750788.739032,257.022
1783750788.759175,257.022
1783750788.779325,257.022
1783750788.799465,256.257
1783750788.819613,256.257
1783750788.839757,256.257
1783750788.859907,256.257
1783750788.880048,256.257
1783750788.900196,257.339
1783750788.920337,257.339
1783750788.940483,257.339
1783750788.960629,257.339
1783750788.980782,257.339
1783750789.000923,257.407
1783750789.021037,257.407
1783750789.041152,257.407
1783750789.061296,257.407
1783750789.081407,257.407
1783750789.101548,257.210
1783750789.121665,257.210
1783750789.141809,257.210
1783750789.161953,257.210
1783750789.182095,257.210
1783750789.202242,258.087
1783750789.222391,258.087
1783750789.242535,258.087
1783750789.262681,258.087
1783750789.282828,258.087
1783750789.302970,257.990
1783750789.323089,257.990
1783750789.343236,257.990
1783750789.363387,257.990
1783750789.383502,257.990
1783750789.403645,256.984
1783750789.423788,256.984
1783750789.443935,256.984
1783750789.464076,256.984
1783750789.484226,256.984
1783750789.504367,257.235
1783750789.524512,257.235
1783750789.544622,257.235
1783750789.564770,257.235
1783750789.584894,257.235
1783750789.605002,257.325
1783750789.625093,257.325
1783750789.645193,257.325
1783750789.665339,257.325
1783750789.685487,257.325
1783750789.705647,257.471
1783750789.725790,257.471
1783750789.745932,257.471
1783750789.766078,257.471
1783750789.786197,257.471
1783750789.806334,257.420
1783750789.826480,257.420
1783750789.846623,257.420
1783750789.866771,257.420
1783750789.886914,257.420
1783750789.907059,257.382
1783750789.927205,257.382
1783750789.947387,257.382
1783750789.967533,257.382
1783750789.987680,257.382
1783750790.007755,257.222
1783750790.027900,257.222
1783750790.048042,257.222
1783750790.068187,257.222
1783750790.088330,257.222
1783750790.108469,257.135
1783750790.128613,257.135
1783750790.148756,257.135
1783750790.168900,257.135
1783750790.189064,257.135
1783750790.209207,257.409
1783750790.229349,257.409
1783750790.249491,257.409
1783750790.269635,257.409
1783750790.289784,257.409
1783750790.309926,257.546
1783750790.330040,257.546
1783750790.350181,257.546
1783750790.370301,257.546
1783750790.390440,257.546
1783750790.410582,257.232
1783750790.430776,257.232
1783750790.450891,257.232
1783750790.471044,257.232
1783750790.491189,257.232
1783750790.511332,257.901
1783750790.531476,257.901
1783750790.551629,257.901
1783750790.571779,257.901
1783750790.591919,257.901
1783750790.612062,257.553
1783750790.632213,257.553
1783750790.652360,257.553
1783750790.672504,257.553
1783750790.692645,257.553
1783750790.712793,256.826
1783750790.732938,256.826
1783750790.753082,256.826
1783750790.773220,256.826
1783750790.793371,257.554
1783750790.813525,257.554
1783750790.833669,257.554
1783750790.853814,257.554
1783750790.873965,257.554
1783750790.894106,258.052
1783750790.914253,258.052
1783750790.934395,258.052
1783750790.954540,258.052
1783750790.974696,258.052
1783750790.994920,257.248
1783750791.015064,257.248
1783750791.035205,257.248
1783750791.055357,257.248
1783750791.075507,257.248
1783750791.095651,257.839
1783750791.115796,257.839
1783750791.135944,257.839
1783750791.156091,257.839
1783750791.176235,257.839
1783750791.196377,258.122
1783750791.216563,258.122
1783750791.236706,258.122
1783750791.256859,258.122
1783750791.277006,258.122
1783750791.297163,257.377
1783750791.317309,257.377
1783750791.337453,257.377
1783750791.357598,257.377
1783750791.377796,257.377
1783750791.397941,257.644
1783750791.418089,257.644
1783750791.438237,257.644
1783750791.458390,257.644
1783750791.478565,257.644
1783750791.498680,257.605
1783750791.518822,257.605
1783750791.538965,257.605
1783750791.559088,257.605
1783750791.579239,257.605
1783750791.599348,257.658
1783750791.619489,257.658
1783750791.639635,257.658
1783750791.659783,257.658
1783750791.679925,257.658
1783750791.700034,257.848
1783750791.720189,257.848
1783750791.740330,257.848
1783750791.760473,257.848
1783750791.780619,257.848
1783750791.800772,257.944
1783750791.820920,257.944
1783750791.841064,257.944
1783750791.861212,257.944
1783750791.881355,257.944
1783750791.901497,258.019
1783750791.921645,258.019
1783750791.941788,258.019
1783750791.961941,258.019
1783750791.982104,258.019
1783750792.002250,258.788
1783750792.022392,258.788
1783750792.042534,258.788
1783750792.062696,258.788
1783750792.082898,258.788
1783750792.103042,259.046
1783750792.123185,259.046
1783750792.143332,259.046
1783750792.163474,259.046
1783750792.183619,259.046
1783750792.203761,258.848
1783750792.223921,258.848
1783750792.244064,258.848
1783750792.264206,258.848
1783750792.284318,258.848
1783750792.304470,258.079
1783750792.324619,258.079
1783750792.344762,258.079
1783750792.364905,258.079
1783750792.385056,258.079
1783750792.405198,258.195
1783750792.425341,258.195
1783750792.445484,258.195
1783750792.465637,258.195
1783750792.485799,258.195
1783750792.505976,258.347
1783750792.526114,258.347
1783750792.546257,258.347
1783750792.566401,258.347
1783750792.586557,258.347
1783750792.606706,257.530
1783750792.626909,257.530
1783750792.647064,257.530
1783750792.667221,257.530
1783750792.687375,257.530
1783750792.707523,258.221
1783750792.727673,258.221
1783750792.747824,258.221
1783750792.768004,258.221
1783750792.788144,258.221
1783750792.808292,258.502
1783750792.828436,258.502
1783750792.848579,258.502
1783750792.868803,258.502
1783750792.888954,258.502
1783750792.909094,258.099
1783750792.929238,258.099
1783750792.949385,258.099
1783750792.969539,258.099
1783750792.989702,258.099
1783750793.009898,258.117
1783750793.030040,258.117
1783750793.050185,258.117
1783750793.070333,258.117
1783750793.090487,258.117
1783750793.110629,257.815
1783750793.130773,257.815
1783750793.150932,257.815
1783750793.171089,257.815
1783750793.191245,257.815
1783750793.211393,257.238
1783750793.231549,257.238
1783750793.251703,257.238
1783750793.271904,257.238
1783750793.292054,257.238
1783750793.312209,257.903
1783750793.332358,257.903
1783750793.352499,257.903
1783750793.372644,257.903
1783750793.392758,257.903
1783750793.412908,257.557
1783750793.433051,257.557
1783750793.453196,257.557
1783750793.473350,257.557
1783750793.493492,257.557
1783750793.513640,257.497
1783750793.533789,257.497
1783750793.553935,257.497
1783750793.574101,257.497
1783750793.594251,258.360
1783750793.614394,258.360
1783750793.634537,258.360
1783750793.654700,258.360
1783750793.674898,258.360
1783750793.695043,258.511
1783750793.715190,258.511
1783750793.735340,258.511
1783750793.755493,258.511
1783750793.775643,258.511
1783750793.795834,258.537
1783750793.815996,258.537
1783750793.836151,258.537
1783750793.856304,258.537
1783750793.876456,258.537
1783750793.896612,257.793
1783750793.916760,257.793
1783750793.936907,257.793
1783750793.957054,257.793
1783750793.977205,257.793
1783750793.997358,257.757
1783750794.017508,257.757
1783750794.037681,257.757
1783750794.057829,257.757
1783750794.077995,257.757
1783750794.098146,257.897
1783750794.118291,257.897
1783750794.138435,257.897
1783750794.158579,257.897
1783750794.178774,257.897
1783750794.198918,257.068
1783750794.219062,257.068
1783750794.239215,257.068
1783750794.259374,257.068
1783750794.279536,257.068
1783750794.299699,257.165
1783750794.319925,257.165
1783750794.340085,257.165
1783750794.360247,257.165
1783750794.380411,257.165
1783750794.400572,257.563
1783750794.420763,257.563
1783750794.440905,257.563
1783750794.461083,257.563
1783750794.481237,257.563
1783750794.501392,257.497
1783750794.521541,257.497
1783750794.541687,257.497
1783750794.561864,257.497
1783750794.582026,257.497
1783750794.602180,258.357
1783750794.622324,258.357
1783750794.642469,258.357
1783750794.662636,258.357
1783750794.682791,258.357
1783750794.702934,258.283
1783750794.723077,258.283
1783750794.743227,258.283
1783750794.763377,258.283
1783750794.783527,258.283
1783750794.803676,257.401
1783750794.823843,257.401
1783750794.843990,257.401
1783750794.864145,257.401
1783750794.884294,257.401
1783750794.904452,258.184
1783750794.924601,258.184
1783750794.944756,258.184
1783750794.964903,258.184
1783750794.985046,258.184
1783750795.005200,258.355
1783750795.025353,258.355
1783750795.045501,258.355
1783750795.065655,258.355
1783750795.085926,258.355
1783750795.106043,257.759
1783750795.126181,257.759
1783750795.146325,257.759
1783750795.166467,257.759
1783750795.186618,257.759
1783750795.206770,258.742
1783750795.226918,258.742
1783750795.247062,258.742
1783750795.267214,258.742
1783750795.287357,258.742
1783750795.307467,259.281
1783750795.327650,259.281
1783750795.347802,259.281
1783750795.367960,259.281
1783750795.388115,259.281
1783750795.408244,258.833
1783750795.428405,258.833
1783750795.448562,258.833
1783750795.468779,258.833
1783750795.488933,258.833
1783750795.509078,258.441
1783750795.529221,258.441
1783750795.549362,258.441
1783750795.569517,258.441
1783750795.589658,258.441
1783750795.609804,258.329
1783750795.629944,258.329
1783750795.650089,258.329
1783750795.670255,258.329
1783750795.690400,258.329
1783750795.710575,258.197
1783750795.730719,258.197
1783750795.750917,258.197
1783750795.771070,258.197
1783750795.791213,258.197
1783750795.811351,257.718
1783750795.831502,257.718
1783750795.851648,257.718
1783750795.871804,257.718
1783750795.891958,257.718
1783750795.912118,257.688
1783750795.932274,257.688
1783750795.952431,257.688
1783750795.972589,257.688
1783750795.992794,257.688
1783750796.012948,257.935
1783750796.033098,257.935
1783750796.053244,257.935
1783750796.073394,257.935
1783750796.093534,257.935
1783750796.113681,258.238
1783750796.133823,258.238
1783750796.153969,258.238
1783750796.174135,258.238
1783750796.194284,258.238
1783750796.214426,258.378
1783750796.234570,258.378
1783750796.254777,258.378
1783750796.274930,258.378
1783750796.295075,258.469
1783750796.315216,258.469
1783750796.335365,258.469
1783750796.355539,258.469
1783750796.375684,258.469
1783750796.395824,258.773
1783750796.415974,258.773
1783750796.436130,258.773
1783750796.456287,258.773
1783750796.476452,258.773
1783750796.496620,259.180
1783750796.516778,259.180
1783750796.536935,259.180
1783750796.557095,259.180
1783750796.577254,259.180
1783750796.597398,259.456
1783750796.617576,259.456
1783750796.637717,259.456
1783750796.657913,259.456
1783750796.678081,259.456
1783750796.698230,258.389
1783750796.718373,258.389
1783750796.738518,258.389
1783750796.758680,258.389
1783750796.778834,258.389
1783750796.798978,259.009
1783750796.819119,259.009
1783750796.839273,259.009
1783750796.859421,259.009
1783750796.879568,259.009
1783750796.899710,258.850
1783750796.919928,258.850
1783750796.940074,258.850
1783750796.960221,258.850
1783750796.980381,258.850
1783750797.000554,257.950
1783750797.020714,257.950
1783750797.040958,257.950
1783750797.061124,257.950
1783750797.081295,257.950
1783750797.101454,258.233
1783750797.121608,258.233
1783750797.141760,258.233
1783750797.161877,258.233
1783750797.182022,258.233
1783750797.202171,257.705
1783750797.222314,257.705
1783750797.242460,257.705
1783750797.262614,257.705
1783750797.282762,257.705
1783750797.302906,256.369
1783750797.323046,256.369
1783750797.343202,256.369
1783750797.363349,256.369
1783750797.383494,256.369
1783750797.403604,256.587
1783750797.423757,256.587
1783750797.443904,256.587
1783750797.464047,256.587
1783750797.484190,256.587
1783750797.504349,256.447
1783750797.524499,256.447
1783750797.544653,256.447
1783750797.564808,256.447
1783750797.584962,256.447
1783750797.605110,256.389
1783750797.625258,256.389
1783750797.645447,256.389
1783750797.665600,256.389
1783750797.685796,256.389
1783750797.705943,257.154
1783750797.726084,257.154
1783750797.746230,257.154
1783750797.766382,257.154
1783750797.786527,257.154
1783750797.806671,257.693
1783750797.826814,257.693
1783750797.846969,257.693
1783750797.867114,257.693
1783750797.887257,257.693
1783750797.907431,257.706
1783750797.927580,257.706
1783750797.947765,257.706
1783750797.967910,257.706
1783750797.988053,257.706
1783750798.008206,257.931
1783750798.028346,257.931
1783750798.048491,257.931
1783750798.068647,257.931
1783750798.088811,257.931
1783750798.108969,257.854
1783750798.129128,257.854
1783750798.149291,257.854
1783750798.169459,257.854
1783750798.189619,257.854
1783750798.209777,257.950
1783750798.229924,257.950
1783750798.250069,257.950
1783750798.270214,257.950
1783750798.290362,257.950
1783750798.310505,258.555
1783750798.330647,258.555
1783750798.350797,258.555
1783750798.370942,258.555
1783750798.391085,258.555
1783750798.411227,258.742
1783750798.431375,258.742
1783750798.451525,258.742
1783750798.471669,258.742
1783750798.491812,258.742
1783750798.511965,258.846
1783750798.532107,258.846
1783750798.552250,258.846
1783750798.572395,258.846
1783750798.592549,258.846
1783750798.612700,258.008
1783750798.632905,258.008
1783750798.653061,258.008
1783750798.673217,258.008
1783750798.693364,258.008
1783750798.713514,258.391
1783750798.733629,258.391
1783750798.753775,258.391
1783750798.773922,258.391
1783750798.794065,258.391
1783750798.814208,258.502
1783750798.834349,258.502
1783750798.854501,258.502
1783750798.874646,258.502
1783750798.894790,258.502
1783750798.914930,257.272
1783750798.935109,257.272
1783750798.955255,257.272
1783750798.975398,257.272
1783750798.995539,257.272
1783750799.015685,257.328
1783750799.035830,257.328
1783750799.055974,257.328
1783750799.076118,257.328
1783750799.096266,257.612
1783750799.116404,257.612
1783750799.136548,257.612
1783750799.156700,257.612
1783750799.176936,257.612
1783750799.197082,257.520
1783750799.217231,257.520
1783750799.237349,257.520
1783750799.257500,257.520
1783750799.277650,257.520
1783750799.297805,257.583
1783750799.317946,257.583
1783750799.338060,257.583
1783750799.358206,257.583
1783750799.378347,257.583
1783750799.398491,257.302
1783750799.418632,257.302
1783750799.438755,257.302
1783750799.458892,257.302
1783750799.479037,257.302
1783750799.499178,257.246
1783750799.519324,257.246
1783750799.539439,257.246
1783750799.559581,257.246
1783750799.579771,257.246
1783750799.599916,257.431
1783750799.620057,257.431
1783750799.640201,257.431
1783750799.660342,257.431
1783750799.680493,257.431
1783750799.700637,257.534
1783750799.720796,257.534
1783750799.740952,257.534
1783750799.761113,257.534
1783750799.781269,257.534
1783750799.801430,257.991
1783750799.821588,257.991
1783750799.841805,257.991
1783750799.861956,257.991
1783750799.882101,257.991
1783750799.902246,258.536
1783750799.922386,258.536
1783750799.942533,258.536
1783750799.962674,258.536
1783750799.982818,258.536
1783750800.002957,258.874
1783750800.023102,258.874
1783750800.043246,258.874
1783750800.063389,258.874
1783750800.083531,258.874
1783750800.103681,258.688
1783750800.123821,258.688
1783750800.143964,258.688
1783750800.164104,258.688
1783750800.184250,258.688
1783750800.204391,258.303
1783750800.224570,258.303
1783750800.244719,258.303
1783750800.264918,258.303
1783750800.285064,258.303
1783750800.305220,258.740
1783750800.325368,258.740
1783750800.345516,258.740
1783750800.365668,258.740
1783750800.385817,258.740
1783750800.405967,258.895
1783750800.426109,258.895
1783750800.446255,258.895
1783750800.466437,258.895
1783750800.486580,258.895
1783750800.506771,257.737
1783750800.526921,257.737
1783750800.547067,257.737
1783750800.567210,257.737
1783750800.587357,257.737
1783750800.607516,258.077
1783750800.627660,258.077
1783750800.647806,258.077
1783750800.667954,258.077
1783750800.688107,258.077
1783750800.708251,257.899
1783750800.728393,257.899
1783750800.748538,257.899
1783750800.768688,257.899
1783750800.788843,257.899
1783750800.808997,257.573
1783750800.829148,257.573
1783750800.849299,257.573
1783750800.869457,257.573
1783750800.889611,257.573
1783750800.909762,258.447
1783750800.929906,258.447
1783750800.950062,258.447
1783750800.970207,258.447
1783750800.990350,258.447
1783750801.010493,258.355
1783750801.030639,258.355
1783750801.050783,258.355
1783750801.070925,258.355
1783750801.091073,258.355
1783750801.111231,257.945
1783750801.131373,257.945
1783750801.151517,257.945
1783750801.171666,257.945
1783750801.191817,257.945
1783750801.211961,258.200
1783750801.232105,258.200
1783750801.252253,258.200
1783750801.272400,258.200
1783750801.292543,258.200
1783750801.312691,258.211
1783750801.332909,258.211
1783750801.353062,258.211
1783750801.373208,258.211
1783750801.393325,258.211
1783750801.413436,257.628
1783750801.433566,257.628
1783750801.453720,257.628
1783750801.473913,257.628
1783750801.494096,257.628
1783750801.514206,258.823
1783750801.534316,258.823
1783750801.554450,258.823
1783750801.574563,258.823
1783750801.594705,258.823
1783750801.614853,259.140
1783750801.634959,259.140
1783750801.655088,259.140
1783750801.675236,259.140
1783750801.695390,259.140
1783750801.715531,259.225
1783750801.735644,259.225
1783750801.755819,259.225
1783750801.775970,259.225
1783750801.796083,259.225
1783750801.816226,258.505
1783750801.836366,258.505
1783750801.856510,258.505
1783750801.876671,258.505
1783750801.896884,257.213
1783750801.917056,257.213
1783750801.937195,257.213
1783750801.957345,257.213
1783750801.977490,257.213
1783750801.997633,256.309
1783750802.017775,256.309
1783750802.037924,256.309
1783750802.058065,256.309
1783750802.078210,256.309
1783750802.098351,255.210
1783750802.118505,255.210
1783750802.138647,255.210
1783750802.158789,255.210
1783750802.178931,255.210
1783750802.199081,255.743
1783750802.219222,255.743
1783750802.239404,255.743
1783750802.259553,255.743
1783750802.279705,255.743
1783750802.299897,255.971
1783750802.320040,255.971
1783750802.340180,255.971
1783750802.360325,255.971
1783750802.380470,255.971
1783750802.400612,255.988
1783750802.420757,255.988
1783750802.440897,255.988
1783750802.461048,255.988
1783750802.481191,255.988
1783750802.501334,256.872
1783750802.521473,256.872
1783750802.541621,256.872
1783750802.561767,256.872
1783750802.581907,256.872
1783750802.602049,256.750
1783750802.622198,256.750
1783750802.642340,256.750
1783750802.662483,256.750
1783750802.682626,256.750
1783750802.702773,255.545
1783750802.722911,255.545
1783750802.743056,255.545
1783750802.763203,255.545
1783750802.783388,255.545
1783750802.803530,256.143
1783750802.823676,256.143
1783750802.843816,256.143
1783750802.863959,256.143
1783750802.884103,256.143
1783750802.904247,257.500
1783750802.924389,257.500
1783750802.944530,257.500
1783750802.964677,257.500
1783750802.984819,257.500
1783750803.004961,258.079
1783750803.025103,258.079
1783750803.045287,258.079
1783750803.065431,258.079
1783750803.085574,258.079
1783750803.105714,259.286
1783750803.125918,259.286
1783750803.146064,259.286
1783750803.166205,259.286
1783750803.186347,259.286
1783750803.206493,258.981
1783750803.226633,258.981
1783750803.246777,258.981
1783750803.266917,258.981
1783750803.287064,258.981
1783750803.307202,258.754
1783750803.327345,258.754
1783750803.347485,258.754
1783750803.367626,258.754
1783750803.387765,258.754
1783750803.407909,258.085
1783750803.428048,258.085
1783750803.448188,258.085
1783750803.468330,258.085
1783750803.488477,258.085
1783750803.508619,258.151
1783750803.528761,258.151
1783750803.548916,258.151
1783750803.569057,258.151
1783750803.589200,258.151
1783750803.609348,258.170
1783750803.629504,258.170
1783750803.649653,258.170
1783750803.669797,258.170
1783750803.689912,258.170
1783750803.710061,258.613
1783750803.730201,258.613
1783750803.750347,258.613
1783750803.770495,258.613
1783750803.790650,258.613
1783750803.810796,259.747
1783750803.830945,259.747
1783750803.851090,259.747
1783750803.871239,259.747
1783750803.891393,259.747
1783750803.911545,259.937
1783750803.931690,259.937
1783750803.951896,259.937
1783750803.972043,259.937
1783750803.992196,259.937
1783750804.012341,259.177
1783750804.032483,259.177
1783750804.052628,259.177
1783750804.072803,259.177
1783750804.092946,259.177
1783750804.113085,259.329
1783750804.133237,259.329
1783750804.153382,259.329
1783750804.173524,259.329
1783750804.193672,259.329
1783750804.213823,259.452
1783750804.233965,259.452
