engine,prompt,b1_rep,b16_f1,b16_f2,b16_mix,b64_f1,b64_f2,srv_b1_rep,srv_stagA,srv_stagB,srv_b1_vs_offline_b1
luxi_c8,p01,same,same,same,n/a,same,same,n/a,n/a,n/a,n/a
luxi_c8,p02,same,same,same,n/a,same,same,n/a,n/a,n/a,n/a
luxi_c8,p03,same,same,same,n/a,same,same,n/a,n/a,n/a,n/a
luxi_c8,p04,same,same,same,n/a,same,same,n/a,n/a,n/a,n/a
luxi_c8,p05,same,same,same,n/a,same,same,n/a,n/a,n/a,n/a
luxi_c8,p06,same,same,same,n/a,same,same,n/a,n/a,n/a,n/a
luxi_c8,p07,same,same,same,n/a,same,same,n/a,n/a,n/a,n/a
luxi_c8,p08,same,same,same,n/a,same,same,n/a,n/a,n/a,n/a
luxi_c8,p09,same,same,same,n/a,same,same,n/a,n/a,n/a,n/a
luxi_c8,p10,same,same,same,n/a,same,same,n/a,n/a,n/a,n/a
luxi_c8,p11,same,same,same,n/a,same,same,n/a,n/a,n/a,n/a
luxi_c8,p12,same,same,same,n/a,same,same,n/a,n/a,n/a,n/a
luxi_c8,p13,same,same,same,n/a,same,same,n/a,n/a,n/a,n/a
luxi_c8,p14,same,same,same,n/a,same,same,n/a,n/a,n/a,n/a
luxi_c8,p15,same,same,same,n/a,same,same,n/a,n/a,n/a,n/a
luxi_c8,p16,same,same,same,n/a,same,same,n/a,n/a,n/a,n/a
luxi_c8,p17,same,same,same,n/a,same,same,n/a,n/a,n/a,n/a
luxi_c8,p18,same,same,same,n/a,same,same,n/a,n/a,n/a,n/a
luxi_c8,p19,same,same,same,n/a,same,same,n/a,n/a,n/a,n/a
luxi_c8,p20,same,same,same,n/a,same,same,n/a,n/a,n/a,n/a
vllm_normal,p01,same,lp,lp,lp,lp,lp,same,lp,lp,lp
vllm_normal,p02,same,text@47,lp,lp,lp,lp,same,lp,lp,lp
vllm_normal,p03,same,lp,lp,lp,lp,lp,same,lp,lp,lp
vllm_normal,p04,same,lp,lp,lp,lp,lp,same,lp,lp,lp
vllm_normal,p05,same,lp,lp,lp,lp,lp,same,lp,lp,lp
vllm_normal,p06,same,lp,lp,lp,lp,lp,same,lp,lp,lp
vllm_normal,p07,same,text@33,text@33,text@33,lp,lp,same,text@33,lp,lp
vllm_normal,p08,same,text@3,lp,lp,text@3,lp,same,text@3,lp,lp
vllm_normal,p09,same,lp,lp,lp,lp,lp,same,lp,lp,lp
vllm_normal,p10,same,lp,lp,lp,lp,lp,same,lp,lp,lp
vllm_normal,p11,same,lp,lp,lp,lp,lp,same,lp,lp,lp
vllm_normal,p12,same,lp,lp,lp,lp,lp,same,lp,lp,lp
vllm_normal,p13,same,lp,lp,lp,lp,lp,same,lp,lp,lp
vllm_normal,p14,same,lp,lp,lp,lp,lp,same,lp,lp,lp
vllm_normal,p15,same,lp,lp,lp,lp,lp,same,lp,lp,lp
vllm_normal,p16,same,lp,lp,lp,lp,lp,same,lp,lp,lp
vllm_normal,p17,same,text@42,lp,lp,text@40,text@40,same,lp,text@40,lp
vllm_normal,p18,same,lp,lp,lp,lp,lp,same,lp,lp,lp
vllm_normal,p19,same,lp,lp,lp,lp,lp,same,lp,lp,lp
vllm_normal,p20,same,lp,lp,lp,lp,lp,same,lp,lp,lp
sglang_normal,p01,same,lp,lp,lp,lp,lp,same,lp,same,same
sglang_normal,p02,same,lp,lp,lp,lp,lp,same,text@47,lp,same
sglang_normal,p03,same,lp,lp,lp,lp,lp,same,lp,lp,same
sglang_normal,p04,same,text@153,text@153,text@153,lp,lp,same,text@153,lp,same
sglang_normal,p05,same,lp,lp,lp,lp,lp,same,lp,lp,same
sglang_normal,p06,same,lp,lp,lp,lp,lp,same,lp,lp,same
sglang_normal,p07,same,lp,lp,lp,lp,lp,same,lp,lp,same
sglang_normal,p08,same,lp,lp,lp,lp,lp,same,lp,lp,same
sglang_normal,p09,same,lp,lp,lp,lp,lp,same,lp,lp,same
sglang_normal,p10,same,lp,lp,lp,lp,lp,same,lp,lp,same
sglang_normal,p11,same,lp,lp,lp,lp,lp,same,lp,lp,same
sglang_normal,p12,same,lp,lp,lp,lp,lp,same,lp,lp,same
sglang_normal,p13,same,lp,lp,lp,lp,lp,same,lp,lp,same
sglang_normal,p14,same,lp,lp,lp,lp,lp,same,lp,lp,same
sglang_normal,p15,same,lp,lp,lp,lp,lp,same,lp,lp,same
sglang_normal,p16,same,lp,lp,lp,lp,lp,same,lp,lp,same
sglang_normal,p17,same,text@162,text@162,text@162,text@40,text@40,same,lp,text@140,same
sglang_normal,p18,same,lp,lp,lp,lp,lp,same,lp,lp,same
sglang_normal,p19,same,lp,lp,lp,lp,lp,same,lp,lp,same
sglang_normal,p20,same,lp,lp,lp,lp,lp,same,lp,lp,same
vllm_det,p01,same,same,same,same,same,same,same,same,same,same
vllm_det,p02,same,same,same,same,same,same,same,same,same,same
vllm_det,p03,same,same,same,same,same,same,same,same,same,same
vllm_det,p04,same,same,same,same,same,same,same,same,same,same
vllm_det,p05,same,same,same,same,same,same,same,same,same,same
vllm_det,p06,same,same,same,same,same,same,same,same,same,same
vllm_det,p07,same,same,same,same,same,same,same,same,same,same
vllm_det,p08,same,same,same,same,same,same,same,same,same,same
vllm_det,p09,same,same,same,same,same,same,same,same,same,same
vllm_det,p10,same,same,same,same,same,same,same,same,same,same
vllm_det,p11,same,same,same,same,same,same,same,same,same,same
vllm_det,p12,same,same,same,same,same,same,same,same,same,same
vllm_det,p13,same,same,same,same,same,same,same,same,same,same
vllm_det,p14,same,same,same,same,same,same,same,same,same,same
vllm_det,p15,same,same,same,same,same,same,same,same,same,same
vllm_det,p16,same,same,same,same,same,same,same,same,same,same
vllm_det,p17,same,same,same,same,same,same,same,same,same,same
vllm_det,p18,same,same,same,same,same,same,same,same,same,same
vllm_det,p19,same,same,same,same,same,same,same,same,same,same
vllm_det,p20,same,same,same,same,same,same,same,same,same,same
sglang_det,p01,same,same,same,same,same,same,same,same,same,same
sglang_det,p02,same,same,same,same,same,same,same,same,same,same
sglang_det,p03,same,same,same,same,same,same,same,same,same,same
sglang_det,p04,same,same,same,same,same,same,same,same,same,same
sglang_det,p05,same,same,same,same,same,same,same,same,same,same
sglang_det,p06,same,same,same,same,same,same,same,same,same,same
sglang_det,p07,same,same,same,same,same,same,same,same,same,same
sglang_det,p08,same,same,same,same,same,same,same,same,same,same
sglang_det,p09,same,same,same,same,same,same,same,same,same,same
sglang_det,p10,same,same,same,same,same,same,same,same,same,same
sglang_det,p11,same,same,same,same,same,same,same,same,same,same
sglang_det,p12,same,same,same,same,same,same,same,same,same,same
sglang_det,p13,same,same,same,same,same,same,same,same,same,same
sglang_det,p14,same,same,same,same,same,same,same,same,same,same
sglang_det,p15,same,same,same,same,same,same,same,same,same,same
sglang_det,p16,same,same,same,same,same,same,same,same,same,same
sglang_det,p17,same,same,same,same,same,same,same,same,same,same
sglang_det,p18,same,same,same,same,same,same,same,same,same,same
sglang_det,p19,same,same,same,same,same,same,same,same,same,same
sglang_det,p20,same,same,same,same,same,same,same,same,same,same
