id,model,cp,qty,price,delta,gamma,vega,vega_1pct,theta,theta_1day,rho,mode,receipt_sha256
DSWEEP_BS_C_0_p,bs,C,1.00000000000000000e0,6.73091764916330249e0,4.99999992863029707e-1,2.09698244254182646e-2,3.79485635795257252e1,3.79485635795257237e-1,-5.01977294486205672e0,-1.37528025886631683e-2,4.08305528969827876e1,gpu,902667a1070b83bff57ac642cf16779d998b5a954c046c450b154237e9e196e2
DSWEEP_BLA_C_0_p,black76,C,1.00000000000000000e0,6.73091764916329272e0,4.85222753570596077e-1,1.97486369193476119e-2,3.79485635795257039e1,3.79485635795257015e-1,-3.59292882847767192e0,-9.84364062596622402e-3,-6.73091764916329272e0,gpu,902667a1070b83bff57ac642cf16779d998b5a954c046c450b154237e9e196e2
DSWEEP_BS_P_0_n,bs,P,1.00000000000000000e0,8.65252855394270881e0,-5.00000007136970348e-1,2.09698244254182646e-2,3.79485635795257252e1,3.79485635795257237e-1,-2.10843634421653192e0,-5.77653792936036123e-3,-5.62140004578680319e1,gpu,902667a1070b83bff57ac642cf16779d998b5a954c046c450b154237e9e196e2
DSWEEP_BLA_P_0_n,black76,P,1.00000000000000000e0,8.65252855394270171e0,-4.85222779977912133e-1,1.97486369193476119e-2,3.79485635795257039e1,3.79485635795257015e-1,-3.53528050133428939e0,-9.68570000365558820e-3,-8.65252855394270171e0,gpu,902667a1070b83bff57ac642cf16779d998b5a954c046c450b154237e9e196e2
DSWEEP_BS_C_0p25_p,bs,C,1.00000000000000000e0,9.41340338385301578e0,5.98706325682923701e-1,1.93334058401424605e-2,3.86668116802849156e1,3.86668116802849182e-1,-5.38039804356167295e0,-1.47408165577032138e-2,5.04572291844393561e1,gpu,902667a1070b83bff57ac642cf16779d998b5a954c046c450b154237e9e196e2
DSWEEP_BLA_C_0p25_p,black76,C,1.00000000000000000e0,9.41340338385302999e0,5.81011879666232023e-1,1.82075159336367483e-2,3.86668116802849227e1,3.86668116802849238e-1,-3.58427906651290140e0,-9.81994264798055107e-3,-9.41340338385302999e0,gpu,902667a1070b83bff57ac642cf16779d998b5a954c046c450b154237e9e196e2
DSWEEP_BS_P_0p25_n,bs,P,1.00000000000000000e0,1.12003681777123631e1,-5.98706327866418864e-1,2.13667178517151432e-2,3.49871779950789872e1,3.49871779950789885e-1,-1.53751109057120505e0,-4.21235915224987649e-3,-6.53735569645564709e1,gpu,902667a1070b83bff57ac642cf16779d998b5a954c046c450b154237e9e196e2
DSWEEP_BLA_P_0p25_n,black76,P,1.00000000000000000e0,1.12003681777123667e1,-5.81011883950953489e-1,2.01224170428118271e-2,3.49871779445954871e1,3.49871779445954878e-1,-3.16270674912817773e0,-8.66494999761144649e-3,-1.12003681777123667e1,gpu,902667a1070b83bff57ac642cf16779d998b5a954c046c450b154237e9e196e2
DSWEEP_BS_C_0p5_p,bs,C,1.00000000000000000e0,1.27265119974520360e1,6.91462461274013229e-1,1.67447449082053536e-2,3.70116102062876848e1,3.70116102062876873e-1,-5.50010916000439565e0,-1.50687922191901254e-2,5.99649379791875674e1,gpu,902667a1070b83bff57ac642cf16779d998b5a954c046c450b154237e9e196e2
DSWEEP_BLA_C_0p5_p,black76,C,1.00000000000000000e0,1.27265119974520324e1,6.71026657159824569e-1,1.57696068784632382e-2,3.70116102062876706e1,3.70116102062876706e-1,-3.31936566070520600e0,-9.09415249508275549e-3,-1.27265119974520324e1,gpu,902667a1070b83bff57ac642cf16779d998b5a954c046c450b154237e9e196e2
DSWEEP_BS_P_0p5_n,bs,P,1.00000000000000000e0,1.40485732150496716e1,-6.91462461835345210e-1,2.04520775992661115e-2,3.03025434726654801e1,3.03025434726654774e-1,-8.23355381914492312e-1,-2.25576816962874595e-3,-7.35632988450685446e1,gpu,902667a1070b83bff57ac642cf16779d998b5a954c046c450b154237e9e196e2
DSWEEP_BLA_P_0p5_n,black76,P,1.00000000000000000e0,1.40485732150496663e1,-6.71026658340104887e-1,1.92610413031875233e-2,3.03025434444818842e1,3.03025434444818831e-1,-2.60879714799669848e0,-7.14738944656629748e-3,-1.40485732150496663e1,gpu,902667a1070b83bff57ac642cf16779d998b5a954c046c450b154237e9e196e2
DSWEEP_BS_C_0p75_p,bs,C,1.00000000000000000e0,1.66818043032876062e1,7.73372647623131959e-1,1.36240208122537596e-2,3.32808331946365996e1,3.32808331946365998e-1,-5.39175606732978530e0,-1.47719344310405076e-2,6.87890915955374993e1,gpu,902667a1070b83bff57ac642cf16779d998b5a954c046c450b154237e9e196e2
DSWEEP_BLA_C_0p75_p,black76,C,1.00000000000000000e0,1.66818043032875778e1,7.50516031654452354e-1,1.28306196057942686e-2,3.32808331946366209e1,3.32808331946366220e-1,-2.82762919036503479e0,-7.74692928867132778e-3,-1.66818043032875778e1,gpu,902667a1070b83bff57ac642cf16779d998b5a954c046c450b154237e9e196e2
DSWEEP_BS_P_0p75_n,bs,P,1.00000000000000000e0,1.71260909587933199e1,-7.73372647741897623e-1,1.83905044825797316e-2,2.46550476227629574e1,2.46550476227629572e-1,-5.21701226255868455e-2,-1.42931842809826978e-4,-8.04444879883569826e1,gpu,902667a1070b83bff57ac642cf16779d998b5a954c046c450b154237e9e196e2
DSWEEP_BLA_P_0p75_n,black76,P,1.00000000000000000e0,1.71260909587933199e1,-7.50516031925565263e-1,1.73195248694880677e-2,2.46550476129011287e1,2.46550476129011292e-1,-1.95172203252631338e0,-5.34718365075702307e-3,-1.71260909587933199e1,gpu,902667a1070b83bff57ac642cf16779d998b5a954c046c450b154237e9e196e2
DSWEEP_BS_C_1p0_p,bs,C,1.00000000000000000e0,2.12651727686853320e1,8.41344746068542815e-1,1.04133066323274532e-2,2.81129873472736413e1,2.81129873472736436e-1,-5.10585295943269912e0,-1.39886382450210931e-2,7.64851408235111734e1,gpu,902667a1070b83bff57ac642cf16779d998b5a954c046c450b154237e9e196e2
DSWEEP_BLA_C_1p0_p,black76,C,1.00000000000000000e0,2.12651727686853178e1,8.16479250996721140e-1,9.80688286366362787e-3,2.81129873472736413e1,2.81129873472736436e-1,-2.17334355166680471e0,-5.95436589497754746e-3,-2.12651727686853178e1,gpu,902667a1070b83bff57ac642cf16779d998b5a954c046c450b154237e9e196e2
DSWEEP_BS_P_1p0_n,bs,P,1.00000000000000000e0,2.03536738963757955e1,-8.41344746088664053e-1,1.55348280169259317e-2,1.88446989712567792e1,1.88446989712567792e-1,6.91860161026187637e-1,1.89550729048270587e-3,-8.58776686050621834e1,gpu,902667a1070b83bff57ac642cf16779d998b5a954c046c450b154237e9e196e2
DSWEEP_BLA_P_1p0_n,black76,P,1.00000000000000000e0,2.03536738963758097e1,-8.16479251047462440e-1,1.46301500597269679e-2,1.88446989687517288e1,1.88446989687517275e-1,-1.27385967998389882e0,-3.49002652050383255e-3,-2.03536738963758097e1,gpu,902667a1070b83bff57ac642cf16779d998b5a954c046c450b154237e9e196e2
DSWEEP_BS_C_1p5_p,bs,C,1.00000000000000000e0,3.21737336603682706e1,9.33192798731139583e-1,5.04342024415086517e-3,1.66303884672223283e1,1.66303884672223290e-1,-4.29255665363343830e0,-1.17604291880368181e-2,8.76505935637068490e1,gpu,902667a1070b83bff57ac642cf16779d998b5a954c046c450b154237e9e196e2
DSWEEP_BLA_C_1p5_p,black76,C,1.00000000000000000e0,3.21737336603682706e1,9.05612783468256577e-1,4.74971431390264383e-3,1.66303884672242468e1,1.66303884672242469e-1,-6.97826836911376813e-1,-1.91185434770240218e-3,-3.21737336603682706e1,gpu,902667a1070b83bff57ac642cf16779d998b5a954c046c450b154237e9e196e2
DSWEEP_BS_P_1p5_n,bs,P,1.00000000000000000e0,2.69587328586849537e1,-9.33192798731393491e-1,9.18971084511035693e-3,9.12695070354867255e0,9.12695070354867244e-2,1.86889646743753723e0,5.12026429434941747e-3,-9.27197179264134945e1,gpu,902667a1070b83bff57ac642cf16779d998b5a954c046c450b154237e9e196e2
DSWEEP_BLA_P_1p5_n,black76,P,1.00000000000000000e0,2.69587328586849502e1,-9.05612783469108562e-1,8.65454374775793088e-3,9.12695070348377513e0,9.12695070348377574e-2,-1.03933084587829128e-1,-2.84748176952956498e-4,-2.69587328586849502e1,gpu,902667a1070b83bff57ac642cf16779d998b5a954c046c450b154237e9e196e2
DSWEEP_BS_C_1p9_p,bs,C,1.00000000000000000e0,4.23827129736640416e1,9.71283440183926761e-1,2.35863832502873974e-3,9.12695070178490475e0,9.12695070178490414e-2,-3.69428660797006447e0,-1.01213331725207249e-2,9.27197179263858118e1,gpu,902667a1070b83bff57ac642cf16779d998b5a954c046c450b154237e9e196e2
DSWEEP_BLA_C_1p9_p,black76,C,1.00000000000000000e0,4.23827129736639918e1,9.42577676335939696e-1,2.22128192207664884e-3,9.12695070183431056e0,9.12695070183431045e-2,3.58786319026488609e-1,9.82976216510927665e-4,-4.23827129736639918e1,gpu,902667a1070b83bff57ac642cf16779d998b5a954c046c450b154237e9e196e2
DSWEEP_BS_P_1p9_n,bs,P,1.00000000000000000e0,3.21280375010049610e1,-9.71283440184000590e-1,5.04342024315057244e-3,4.26836842419016627e0,4.26836842419016649e-2,2.43249041679266043e0,6.66435730628126173e-3,-9.53109086403892434e1,gpu,902667a1070b83bff57ac642cf16779d998b5a954c046c450b154237e9e196e2
DSWEEP_BLA_P_1p9_n,black76,P,1.00000000000000000e0,3.21280375010049468e1,-9.42577676336202708e-1,4.74971431295870185e-3,4.26836842418894946e0,4.26836842418894941e-2,5.37004282611253436e-1,1.47124460989384509e-3,-3.21280375010049468e1,gpu,902667a1070b83bff57ac642cf16779d998b5a954c046c450b154237e9e196e2
DSWEEP_BS_C_2p05_p,bs,C,1.00000000000000000e0,4.65162516493571587e1,9.79817784594103403e-1,1.70205181320943642e-3,6.99350354258822549e0,6.99350354258822526e-2,-3.51706775948233430e0,-9.63580208077351869e-3,9.39239135074503935e1,gpu,902667a1070b83bff57ac642cf16779d998b5a954c046c450b154237e9e196e2
DSWEEP_BLA_C_2p05_p,black76,C,1.00000000000000000e0,4.65162516493571587e1,9.50859792750322619e-1,1.60293203203250192e-3,6.99350354271515506e0,6.99350354271515567e-2,6.96137195209199033e-1,1.90722519235397001e-3,-4.65162516493571587e1,gpu,902667a1070b83bff57ac642cf16779d998b5a954c046c450b154237e9e196e2
DSWEEP_BS_P_2p05_n,bs,P,1.00000000000000000e0,3.40039405671960395e1,-9.79817784594296026e-1,3.86450836533248996e-3,3.08016033603077455e0,3.08016033603077458e-2,2.56773101238642498e0,7.03487948599020550e-3,-9.58582348663167494e1,gpu,902667a1070b83bff57ac642cf16779d998b5a954c046c450b154237e9e196e2
DSWEEP_BLA_P_2p05_n,black76,P,1.00000000000000000e0,3.40039405671960537e1,-9.50859792750930133e-1,3.63945691820954324e-3,3.08016033603057426e0,3.08016033603057439e-2,7.12102183412824052e-1,1.95096488606253163e-3,-3.40039405671960537e1,gpu,902667a1070b83bff57ac642cf16779d998b5a954c046c450b154237e9e196e2
DSWEEP_BS_C_2p12_p,bs,C,1.00000000000000000e0,4.84995393549965712e1,9.82996977352075918e-1,1.45046540256551061e-3,6.12900029588614004e0,6.12900029588614031e-2,-3.44438172504282303e0,-9.43666226039129551e-3,9.43827231818069805e1,gpu,902667a1070b83bff57ac642cf16779d998b5a954c046c450b154237e9e196e2
DSWEEP_BLA_C_2p12_p,black76,C,1.00000000000000000e0,4.84995393549965712e1,9.53945026162410059e-1,1.36599687336937071e-3,6.12900029607536201e0,6.12900029607536187e-2,8.42086151042360953e-1,2.30708534532153694e-3,-4.84995393549965712e1,gpu,902667a1070b83bff57ac642cf16779d998b5a954c046c450b154237e9e196e2
DSWEEP_BS_P_2p12_n,bs,P,1.00000000000000000e0,3.48652929114257972e1,-9.82996977352367240e-1,3.38679644189555928e-3,2.62487073957725681e0,2.62487073957725671e-2,2.61923995634693574e0,7.17599988040256397e-3,-9.60575676768220603e1,gpu,902667a1070b83bff57ac642cf16779d998b5a954c046c450b154237e9e196e2
DSWEEP_BLA_P_2p12_n,black76,P,1.00000000000000000e0,3.48652929114257901e1,-9.53945026163289467e-1,3.18956477144647288e-3,2.62487073957718131e0,2.62487073957718142e-2,7.83471713385055502e-1,2.14649784489056314e-3,-3.48652929114257901e1,gpu,902667a1070b83bff57ac642cf16779d998b5a954c046c450b154237e9e196e2
DSWEEP_BS_C_2p13_p,bs,C,1.00000000000000000e0,4.87856507751182562e1,9.83414193316879182e-1,1.41713109483528705e-3,6.01214537709290120e0,6.01214537709290134e-2,-3.43451736395426233e0,-9.40963661357332136e-3,9.44434275414990907e1,gpu,902667a1070b83bff57ac642cf16779d998b5a954c046c450b154237e9e196e2
DSWEEP_BLA_C_2p13_p,black76,C,1.00000000000000000e0,4.87856507751182420e1,9.54349911531949147e-1,1.33460380459967027e-3,6.01214537729282572e0,6.01214537729282544e-2,8.62354985524264706e-1,2.36261639869661576e-3,-4.87856507751182420e1,gpu,902667a1070b83bff57ac642cf16779d998b5a954c046c450b154237e9e196e2
DSWEEP_BS_P_2p13_n,bs,P,1.00000000000000000e0,3.49875811871909193e1,-9.83414193317187824e-1,3.32222411295010536e-3,2.56454648169762844e0,2.56454648169762850e-2,2.62605076614140831e0,7.19465963326413206e-3,-9.60835138103723807e1,gpu,902667a1070b83bff57ac642cf16779d998b5a954c046c450b154237e9e196e2
DSWEEP_BLA_P_2p13_n,black76,P,1.00000000000000000e0,3.49875811871909335e1,-9.54349911532874517e-1,3.12875284219471484e-3,2.56454648169755783e0,2.56454648169755772e-2,7.93172787445972194e-1,2.17307612998896482e-3,-3.49875811871909335e1,gpu,902667a1070b83bff57ac642cf16779d998b5a954c046c450b154237e9e196e2
DSWEEP_BS_C_2p2_p,bs,C,1.00000000000000000e0,5.08077899449494197e1,9.86096552570546070e-1,1.20091584056342842e-3,5.23952919877315804e0,5.23952919877315806e-2,-3.36905622871057986e0,-9.23029103756323188e-3,9.48367769611088107e1,gpu,902667a1070b83bff57ac642cf16779d998b5a954c046c450b154237e9e196e2
DSWEEP_BLA_C_2p2_p,black76,C,1.00000000000000000e0,5.08077899449494126e1,9.56952995088802272e-1,1.13097994652473104e-3,5.23952919906306480e0,5.23952919906306505e-2,1.00028077844217567e0,2.74049528340322094e-3,-5.08077899449494126e1,gpu,902667a1070b83bff57ac642cf16779d998b5a954c046c450b154237e9e196e2
DSWEEP_BS_P_2p2_n,bs,P,1.00000000000000000e0,3.58381496105129216e1,-9.86096552570999929e-1,2.89528764736464482e-3,2.17326717684661608e0,2.17326717684661608e-2,2.67014409658849150e0,7.31546327832463452e-3,-9.62490271424384360e1,gpu,902667a1070b83bff57ac642cf16779d998b5a954c046c450b154237e9e196e2
DSWEEP_BLA_P_2p2_n,black76,P,1.00000000000000000e0,3.58381496105129074e1,-9.56952995090108782e-1,2.72667922081256797e-3,2.17326717684658988e0,2.17326717684658971e-2,8.57817770630728171e-1,2.35018567296089911e-3,-3.58381496105129074e1,gpu,902667a1070b83bff57ac642cf16779d998b5a954c046c450b154237e9e196e2
DSWEEP_BS_C_2p5_p,bs,C,1.00000000000000000e0,5.98535122847669214e1,9.93790334693082977e-1,5.58826890523308095e-4,2.74898471705858594e0,2.74898471705858592e-2,-3.15501357832739737e0,-8.64387281733533519e-3,9.60038368873846224e1,gpu,902667a1070b83bff57ac642cf16779d998b5a954c046c450b154237e9e196e2
DSWEEP_BLA_C_2p5_p,black76,C,1.00000000000000000e0,5.98535122847669143e1,9.64419391583818286e-1,5.26283346121579859e-4,2.74898471817409629e0,2.74898471817409638e-2,1.52070689672559767e0,4.16632026500163722e-3,-5.98535122847669143e1,gpu,902667a1070b83bff57ac642cf16779d998b5a954c046c450b154237e9e196e2
DSWEEP_BS_P_2p5_n,bs,P,1.00000000000000000e0,3.93713879146335373e1,-9.93790334694906519e-1,1.51904898136868364e-3,1.01129496123731522e0,1.01129496123731517e-2,2.80011357679583428e0,7.67154404601598418e-3,-9.67081024306522039e1,gpu,902667a1070b83bff57ac642cf16779d998b5a954c046c450b154237e9e196e2
DSWEEP_BLA_P_2p5_n,black76,P,1.00000000000000000e0,3.93713879146335231e1,-9.64419391588349106e-1,1.43058645543030975e-3,1.01129496123731744e0,1.01129496123731743e-2,1.08001214131527390e0,2.95893737346650384e-3,-3.93713879146335231e1,gpu,902667a1070b83bff57ac642cf16779d998b5a954c046c450b154237e9e196e2
DSWEEP_BS_C_3p0_p,bs,C,1.00000000000000000e0,7.62947384312435872e1,9.98650101968221349e-1,1.27847704990072069e-4,7.68151463141402702e-1,7.68151463141402736e-3,-2.98071290246683684e0,-8.16633671908722353e-3,9.67965918717565614e1,gpu,902667a1070b83bff57ac642cf16779d998b5a954c046c450b154237e9e196e2
DSWEEP_BLA_C_3p0_p,black76,C,1.00000000000000000e0,7.62947384312436299e1,9.69135531023418650e-1,1.20402435049585512e-4,7.68151468180180874e-1,7.68151468180180898e-3,2.21202700611929082e0,6.06034796197066003e-3,-7.62947384312436299e1,gpu,902667a1070b83bff57ac642cf16779d998b5a954c046c450b154237e9e196e2
DSWEEP_BS_P_3p0_n,bs,P,1.00000000000000000e0,4.48437635407397153e1,-9.98650101976686355e-1,4.24469326438318723e-4,2.31362773244349146e-1,2.31362773244349167e-3,2.88619983349441744e0,7.90739680409429518e-3,-9.69778703606284154e1,gpu,902667a1070b83bff57ac642cf16779d998b5a954c046c450b154237e9e196e2
DSWEEP_BLA_P_3p0_n,black76,P,1.00000000000000000e0,4.48437635407397082e1,-9.69135531041037446e-1,3.99750157234004828e-4,2.31362773244350034e-1,2.31362773244350034e-3,1.32217662889775611e0,3.62240172300755088e-3,-4.48437635407397082e1,gpu,902667a1070b83bff57ac642cf16779d998b5a954c046c450b154237e9e196e2
DSWEEP_BS_C_3p5_p,bs,C,1.00000000000000000e0,9.45118821766265711e1,9.99767370902820751e-1,2.27790174276331518e-5,1.67165945477710021e-1,1.67165945477710013e-3,-2.92664578468967207e0,-8.01820762928677315e-3,9.69976396713966977e1,gpu,902667a1070b83bff57ac642cf16779d998b5a954c046c450b154237e9e196e2
DSWEEP_BLA_C_3p5_p,black76,C,1.00000000000000000e0,9.45118821766265569e1,9.70219779664465709e-1,2.14524721161818225e-5,1.67165956332032489e-1,1.67165956332032488e-3,2.81863986966559343e0,7.72230101278244783e-3,-9.45118821766265569e1,gpu,902667a1070b83bff57ac642cf16779d998b5a954c046c450b154237e9e196e2
DSWEEP_BS_P_3p5_n,bs,P,1.00000000000000000e0,4.98084253233753955e1,-9.99767370934374178e-1,9.23734590275277173e-5,4.12226094125533599e-2,4.12226094125533614e-4,2.90690049841365905e0,7.96411095455797080e-3,-9.70340919784971589e1,gpu,902667a1070b83bff57ac642cf16779d998b5a954c046c450b154237e9e196e2
DSWEEP_BLA_P_3p5_n,black76,P,1.00000000000000000e0,4.98084253233754026e1,-9.70219779722781173e-1,8.69940432483609074e-5,4.12226073710594346e-2,4.12226073710594343e-4,1.49013049896415617e0,4.08254931223056474e-3,-4.98084253233754026e1,gpu,902667a1070b83bff57ac642cf16779d998b5a954c046c450b154237e9e196e2
DSWEEP_BS_C_4p0_p,bs,C,1.00000000000000000e0,1.14655764488079015e2,9.99968328758228497e-1,3.16084611370809812e-6,2.83318589616522731e-2,2.83318589616522720e-4,-2.91395915703375019e0,-7.98344974529794499e-3,9.70375323712528228e1,gpu,902667a1070b83bff57ac642cf16779d998b5a954c046c450b154237e9e196e2
DSWEEP_BLA_C_4p0_p,black76,C,1.00000000000000000e0,1.14655764488079001e2,9.70414798333389061e-1,2.97677276600789786e-6,2.83318589616523217e-2,2.83318589616523208e-4,3.43683974874620457e0,9.41599931163343735e-3,-1.14655764488079001e2,gpu,902667a1070b83bff57ac642cf16779d998b5a954c046c450b154237e9e196e2
DSWEEP_BS_P_4p0_n,bs,P,1.00000000000000000e0,5.43031187038904335e1,-9.99968328758406133e-1,1.56557732065790094e-5,5.72010364229647104e-3,5.72010364229647115e-5,2.91072573631395137e0,7.97459105839438791e-3,-9.70432582226060418e1,gpu,902667a1070b83bff57ac642cf16779d998b5a954c046c450b154237e9e196e2
DSWEEP_BLA_P_4p0_n,black76,P,1.00000000000000000e0,5.43031187038904193e1,-9.70414798333766537e-1,1.47440518586701865e-5,5.72010360616789088e-3,5.72010360616789082e-5,1.62852155075609573e0,4.46170287878382404e-3,-5.43031187038904193e1,gpu,902667a1070b83bff57ac642cf16779d998b5a954c046c450b154237e9e196e2
DSWEEP_BS_C_4p5_p,bs,C,1.00000000000000000e0,1.36920165653537595e2,9.99996602326877260e-1,3.41584480674137764e-7,3.73963095408137236e-3,3.73963095408137226e-5,-2.91168570120157577e0,-7.97722109918239976e-3,9.70437246035389336e1,gpu,902667a1070b83bff57ac642cf16779d998b5a954c046c450b154237e9e196e2
DSWEEP_BLA_C_4p5_p,black76,C,1.00000000000000000e0,1.36920165653537623e2,9.70442236291801708e-1,3.21692149121697119e-7,3.73963095408137280e-3,3.73963095408137293e-5,4.10723100651072048e0,1.12526876890704664e-2,-1.36920165653537623e2,gpu,902667a1070b83bff57ac642cf16779d998b5a954c046c450b154237e9e196e2
DSWEEP_BS_P_4p5_n,bs,P,1.00000000000000000e0,5.83704561750804132e1,-9.99996602326878259e-1,2.06646568677730040e-6,6.18156838884470049e-4,6.18156838884470056e-6,2.91127099787328580e0,7.97608492568023519e-3,-9.70444271185724858e1,gpu,902667a1070b83bff57ac642cf16779d998b5a954c046c450b154237e9e196e2
DSWEEP_BLA_P_4p5_n,black76,P,1.00000000000000000e0,5.83704561750804061e1,-9.70442236291804372e-1,1.94612409272532874e-6,6.18156838582605830e-4,6.18156838582605810e-6,1.75105186956855374e0,4.79740238237959943e-3,-5.83704561750804061e1,gpu,902667a1070b83bff57ac642cf16779d998b5a954c046c450b154237e9e196e2
DSWEEP_BS_C_5p0_p,bs,C,1.00000000000000000e0,1.61526415445136138e2,9.99999713348428187e-1,2.87487713359097564e-8,3.84422500994233227e-4,3.84422500994233258e-6,-2.91137273325034007e0,-7.97636365274065687e-3,9.70444763666746866e1,gpu,902667a1070b83bff57ac642cf16779d998b5a954c046c450b154237e9e196e2
DSWEEP_BLA_C_5p0_p,black76,C,1.00000000000000000e0,1.61526415445136109e2,9.70445255368770576e-1,2.70745732282984200e-8,3.84422500994448225e-4,3.84422500994448235e-6,4.84575402110398379e0,1.32760384139835180e-2,-1.61526415445136109e2,gpu,902667a1070b83bff57ac642cf16779d998b5a954c046c450b154237e9e196e2
DSWEEP_BS_P_5p0_n,bs,P,1.00000000000000000e0,6.20507788048228903e1,-9.99999713348428187e-1,2.12426284174806369e-7,5.20259280541994319e-5,5.20259280541994370e-7,2.91133110795472927e0,7.97624961083487523e-3,-9.70445436849178407e1,gpu,902667a1070b83bff57ac642cf16779d998b5a954c046c450b154237e9e196e2
DSWEEP_BLA_P_5p0_n,black76,P,1.00000000000000000e0,6.20507788048228832e1,-9.70445255368770576e-1,2.00055540433277258e-7,5.20259280532516902e-5,5.20259280532516918e-7,1.86151816155188121e0,5.10004975767638664e-3,-6.20507788048228832e1,gpu,902667a1070b83bff57ac642cf16779d998b5a954c046c450b154237e9e196e2
DSWEEP_BS_C_5p25_p,bs,C,1.00000000000000000e0,1.74783630256257879e2,9.99999923950394831e-1,7.59389800096309693e-9,1.12223476677347279e-4,1.12223476677347273e-6,-2.91134717986428670e0,-7.97629364346379849e-3,9.70445319172206524e1,gpu,902667a1070b83bff57ac642cf16779d998b5a954c046c450b154237e9e196e2
DSWEEP_BLA_C_5p25_p,black76,C,1.00000000000000000e0,1.74783630256257823e2,9.70445459746508532e-1,7.15166380900486151e-9,1.12223476677998369e-4,1.12223476677998366e-6,5.24349768534006611e0,1.43657470831234681e-2,-1.74783630256257823e2,gpu,902667a1070b83bff57ac642cf16779d998b5a954c046c450b154237e9e196e2
DSWEEP_BS_P_5p25_n,bs,P,1.00000000000000000e0,6.37574450724559796e1,-9.99999923950394831e-1,6.20130613744080018e-8,1.37424861200033176e-5,1.37424861200033183e-7,2.91133515307516255e0,7.97626069335660888e-3,-9.70445509107924806e1,gpu,902667a1070b83bff57ac642cf16779d998b5a954c046c450b154237e9e196e2
DSWEEP_BLA_P_5p25_n,black76,P,1.00000000000000000e0,6.37574450724559725e1,-9.70445459746508532e-1,5.84017018212626611e-8,1.37424861199708288e-5,1.37424861199708293e-7,1.91272197792506704e0,5.24033418609607445e-3,-6.37574450724559725e1,gpu,902667a1070b83bff57ac642cf16779d998b5a954c046c450b154237e9e196e2
DSWEEP_BS_C_5p5_p,bs,C,1.00000000000000000e0,1.88720558643920867e2,9.99999981010437522e-1,1.88437279391092565e-9,3.07762168273928847e-5,3.07762168273928841e-7,-2.91133950969691568e0,-7.97627262930661850e-3,9.70445477358411068e1,gpu,902667a1070b83bff57ac642cf16779d998b5a954c046c450b154237e9e196e2
DSWEEP_BLA_C_5p5_p,black76,C,1.00000000000000000e0,1.88720558643920867e2,9.70445515120172075e-1,1.77463546543343597e-9,3.07762168287293943e-5,3.07762168287293962e-7,5.66161368169594326e0,1.55112703608108037e-2,-1.88720558643920867e2,gpu,902667a1070b83bff57ac642cf16779d998b5a954c046c450b154237e9e196e2
DSWEEP_BS_P_5p5_n,bs,P,1.00000000000000000e0,6.53808764368919668e1,-9.99999981010437522e-1,1.70064899026879822e-8,3.41010202685406725e-6,3.41010202685406738e-8,2.91133624219533438e0,7.97626367724749152e-3,-9.70445527735179070e1,gpu,902667a1070b83bff57ac642cf16779d998b5a954c046c450b154237e9e196e2
DSWEEP_BLA_P_5p5_n,black76,P,1.00000000000000000e0,6.53808764368919526e1,-9.70445515120172075e-1,1.60161090311069683e-8,3.41010202685338370e-6,3.41010202685338380e-8,1.96142595209655579e0,5.37376973177138614e-3,-6.53808764368919526e1,gpu,902667a1070b83bff57ac642cf16779d998b5a954c046c450b154237e9e196e2
DSWEEP_BS_C_6p0_p,bs,C,1.00000000000000000e0,2.18774737624317623e2,9.99999999013412300e-1,9.61923959095375052e-11,1.91888101513500119e-6,1.91888101513500105e-8,-2.91133678288037334e0,-7.97626515857636532e-3,9.70445530330757435e1,gpu,902667a1070b83bff57ac642cf16779d998b5a954c046c450b154237e9e196e2
DSWEEP_BLA_C_6p0_p,black76,C,1.00000000000000000e0,2.18774737624317652e2,9.70445532591078575e-1,9.05905869754935242e-11,1.91888101740986444e-6,1.91888101740986454e-8,6.56324193684142720e0,1.79814847584696645e-2,-2.18774737624317652e2,gpu,902667a1070b83bff57ac642cf16779d998b5a954c046c450b154237e9e196e2
DSWEEP_BS_P_6p0_n,bs,P,1.00000000000000000e0,6.83940736697008163e1,-9.99999999013412300e-1,1.06034574576218565e-9,1.74076958163491849e-7,1.74076958163491852e-9,2.91133658241591231e0,7.97626460935866449e-3,-9.70445533274536132e1,gpu,902667a1070b83bff57ac642cf16779d998b5a954c046c450b154237e9e196e2
DSWEEP_BLA_P_6p0_n,black76,P,1.00000000000000000e0,6.83940736697008163e1,-9.70445532591078575e-1,9.98596016695767174e-10,1.74076958163491849e-7,1.74076958163491852e-9,2.05182219268332888e0,5.62143066488583233e-3,-6.83940736697008163e1,gpu,902667a1070b83bff57ac642cf16779d998b5a954c046c450b154237e9e196e2
DSWEEP_BS_C_7p0_p,bs,C,1.00000000000000000e0,2.88697999714860600e2,9.99999999998720135e-1,1.18404384931579372e-13,3.52365096566095410e-9,3.52365096566095405e-11,-2.91133660098266045e0,-7.97626466022646752e-3,9.70445533543431935e1,gpu,902667a1070b83bff57ac642cf16779d998b5a954c046c450b154237e9e196e2
DSWEEP_BLA_C_7p0_p,black76,C,1.00000000000000000e0,2.88697999714860543e2,9.70445533547266148e-1,1.11509066891345297e-13,3.52365148838063859e-9,3.52365148838063890e-11,8.66093999109344992e0,2.37286027153245198e-2,-2.88697999714860543e2,gpu,902667a1070b83bff57ac642cf16779d998b5a954c046c450b154237e9e196e2
DSWEEP_BS_P_7p0_n,bs,P,1.00000000000000000e0,7.35875245454718652e1,-9.99999999998720135e-1,1.94711777803139825e-12,2.14273379952728554e-10,2.14273379952728554e-12,2.91133660062322042e0,7.97626465924169969e-3,-9.70445533548216019e1,gpu,902667a1070b83bff57ac642cf16779d998b5a954c046c450b154237e9e196e2
DSWEEP_BLA_P_7p0_n,black76,P,1.00000000000000000e0,7.35875245454718510e1,-9.70445533547266148e-1,1.83372630782777532e-12,2.14273361462926016e-10,2.14273361462926000e-12,2.20762573634272830e0,6.04828968861021408e-3,-7.35875245454718510e1,gpu,902667a1070b83bff57ac642cf16779d998b5a954c046c450b154237e9e196e2
DSWEEP_BS_C_9p0_p,bs,C,1.00000000000000000e0,4.78415714245722256e2,1.00000000000000000e0,8.93178393930398149e-21,5.91560123894881276e-16,5.91560123894881301e-18,-2.91133660064552435e0,-7.97626465930280706e-3,9.70445533548508195e1,gpu,902667a1070b83bff57ac642cf16779d998b5a954c046c450b154237e9e196e2
DSWEEP_BLA_C_9p0_p,black76,C,1.00000000000000000e0,4.78415714245722199e2,9.70445533548508155e-1,8.41163733644000955e-21,5.91560123948758997e-16,5.91560123948758960e-18,1.43524714273716647e1,3.93218395270456544e-2,-4.78415714245722199e2,gpu,902667a1070b83bff57ac642cf16779d998b5a954c046c450b154237e9e196e2
DSWEEP_BS_P_9p0_n,bs,P,1.00000000000000000e0,8.13208367234880569e1,-1.00000000000000000e0,3.26887522597430238e-19,1.61636246355224613e-17,1.61636246355224615e-19,2.91133660064552435e0,7.97626465930280706e-3,-9.70445533548508195e1,gpu,902667a1070b83bff57ac642cf16779d998b5a954c046c450b154237e9e196e2
DSWEEP_BLA_P_9p0_n,black76,P,1.00000000000000000e0,8.13208367234880569e1,-9.70445533548508155e-1,3.07851075253407245e-19,1.61636246355186711e-17,1.61636246355186722e-19,2.43962510170464153e0,6.68390438823189461e-3,-8.13208367234880569e1,gpu,902667a1070b83bff57ac642cf16779d998b5a954c046c450b154237e9e196e2
DSWEEP_BS_C_12p0_p,bs,C,1.00000000000000000e0,9.51512419117907143e2,1.00000000000000000e0,1.02349409331696664e-34,2.25060563163300846e-29,2.25060563163300834e-31,-2.91133660064552435e0,-7.97626465930280706e-3,9.70445533548508195e1,gpu,902667a1070b83bff57ac642cf16779d998b5a954c046c450b154237e9e196e2
DSWEEP_BLA_C_12p0_p,black76,C,1.00000000000000000e0,9.51512419117907029e2,9.70445533548508155e-1,9.63890437421352272e-35,2.25060563163876555e-29,2.25060563163876548e-31,2.85453725735372110e1,7.82065002014718097e-2,-9.51512419117907029e2,gpu,902667a1070b83bff57ac642cf16779d998b5a954c046c450b154237e9e196e2
DSWEEP_BS_P_12p0_n,bs,P,1.00000000000000000e0,8.84151947049137732e1,-1.00000000000000000e0,1.24365194605652429e-32,1.85219150552532448e-31,1.85219150552532458e-33,2.91133660064552435e0,7.97626465930280706e-3,-9.70445533548508195e1,gpu,902667a1070b83bff57ac642cf16779d998b5a954c046c450b154237e9e196e2
DSWEEP_BLA_P_12p0_n,black76,P,1.00000000000000000e0,8.84151947049137590e1,-9.70445533548508155e-1,1.17122729488925620e-32,1.85219150547818261e-31,1.85219150547818266e-33,2.65245584114741284e0,7.26700230451345942e-3,-8.84151947049137590e1,gpu,902667a1070b83bff57ac642cf16779d998b5a954c046c450b154237e9e196e2
SHORT_1D_-30,bs,P,1.00000000000000000e0,0.00000000000000000e0,-0.00000000000000000e0,1.87111941130296691e-253,1.02527091030299548e-252,1.02527091030299549e-254,-3.74223882260593366e-251,-1.02527091030299545e-253,-0.00000000000000000e0,gpu,902667a1070b83bff57ac642cf16779d998b5a954c046c450b154237e9e196e2
SHORT_1D_-20,bs,P,1.00000000000000000e0,0.00000000000000000e0,-0.00000000000000000e0,5.91909197738682476e-100,3.24333806980100020e-99,3.24333806980100033e-101,-1.18381839547736537e-97,-3.24333806980100122e-100,-0.00000000000000000e0,gpu,902667a1070b83bff57ac642cf16779d998b5a954c046c450b154237e9e196e2
SHORT_1D_-15,bs,P,1.00000000000000000e0,0.00000000000000000e0,-0.00000000000000000e0,1.37960877281109978e-53,7.55950012499232770e-53,7.55950012499232799e-55,-2.75921754562220003e-51,-7.55950012499232885e-54,-0.00000000000000000e0,gpu,902667a1070b83bff57ac642cf16779d998b5a954c046c450b154237e9e196e2
SHORT_1D_-10,bs,P,1.00000000000000000e0,0.00000000000000000e0,-0.00000000000000000e0,3.28378390758474476e-23,1.79933364799164126e-22,1.79933364799164118e-24,-6.56756781516949150e-21,-1.79933364799164155e-23,-0.00000000000000000e0,gpu,902667a1070b83bff57ac642cf16779d998b5a954c046c450b154237e9e196e2
SHORT_1D_-5,bs,P,1.00000000000000000e0,8.79224781637357551e-8,-4.42808364309321689e-7,2.15928758949279064e-6,1.18317128191385786e-5,1.18317128191385785e-7,-4.30082767542194332e-4,-1.17830895217039537e-6,-1.21558243586564112e-7,gpu,902667a1070b83bff57ac642cf16779d998b5a954c046c450b154237e9e196e2
SHORT_1D_+0,bs,C,1.00000000000000000e0,4.23109111006489513e-1,5.06264220564064393e-1,3.81042097574153193e-1,2.08790190451590796e0,2.08790190451590800e-2,-7.82165520326466464e1,-2.14291923377114113e-1,1.37543323138082041e-1,gpu,902667a1070b83bff57ac642cf16779d998b5a954c046c450b154237e9e196e2
SHORT_1D_+5,bs,C,1.00000000000000000e0,3.53272129298426310e-7,1.70061684712230488e-6,7.86882073983489486e-6,4.31168259716980590e-5,4.31168259716980567e-7,-1.58055248447029682e-3,-4.33028077937067656e-6,4.64954555021731633e-7,gpu,902667a1070b83bff57ac642cf16779d998b5a954c046c450b154237e9e196e2
SHORT_1D_+10,bs,C,1.00000000000000000e0,0.00000000000000000e0,0.00000000000000000e0,4.39886669213831467e-19,2.41033791350044661e-18,2.41033791350044648e-20,-8.79773338427663088e-17,-2.41033791350044661e-19,0.00000000000000000e0,gpu,902667a1070b83bff57ac642cf16779d998b5a954c046c450b154237e9e196e2
SHORT_1D_+15,bs,C,1.00000000000000000e0,0.00000000000000000e0,0.00000000000000000e0,9.27257145445620755e-40,5.08086107093490791e-39,5.08086107093490808e-41,-1.85451429089124168e-37,-5.08086107093490889e-40,0.00000000000000000e0,gpu,902667a1070b83bff57ac642cf16779d998b5a954c046c450b154237e9e196e2
SHORT_1D_+20,bs,C,1.00000000000000000e0,0.00000000000000000e0,0.00000000000000000e0,6.81475916735646228e-67,3.73411461225011656e-66,3.73411461225011646e-68,-1.36295183347129265e-64,-3.73411461225011696e-67,0.00000000000000000e0,gpu,902667a1070b83bff57ac642cf16779d998b5a954c046c450b154237e9e196e2
SHORT_1D_+30,bs,C,1.00000000000000000e0,0.00000000000000000e0,0.00000000000000000e0,2.27763590889097569e-137,1.24801967610464424e-136,1.24801967610464420e-138,-4.55527181778195229e-135,-1.24801967610464443e-137,0.00000000000000000e0,gpu,902667a1070b83bff57ac642cf16779d998b5a954c046c450b154237e9e196e2
SHORT_3D_-30,bs,P,1.00000000000000000e0,0.00000000000000000e0,-0.00000000000000000e0,1.21463595830415385e-85,1.99666184926710211e-84,1.99666184926710203e-86,-2.42927191660830737e-83,-6.65553949755700628e-86,-0.00000000000000000e0,gpu,902667a1070b83bff57ac642cf16779d998b5a954c046c450b154237e9e196e2
SHORT_3D_-20,bs,P,1.00000000000000000e0,0.00000000000000000e0,-0.00000000000000000e0,2.03777365068869856e-34,3.34976490524169630e-33,3.34976490524169625e-35,-4.07554730137739716e-32,-1.11658830174723201e-34,-0.00000000000000000e0,gpu,902667a1070b83bff57ac642cf16779d998b5a954c046c450b154237e9e196e2
SHORT_3D_-15,bs,P,1.00000000000000000e0,0.00000000000000000e0,-0.00000000000000000e0,6.18469803982736239e-19,1.01666269147847061e-17,1.01666269147847061e-19,-1.23693960796547242e-16,-3.38887563826156830e-19,-0.00000000000000000e0,gpu,902667a1070b83bff57ac642cf16779d998b5a954c046c450b154237e9e196e2
SHORT_3D_-10,bs,P,1.00000000000000000e0,7.80535390176164463e-10,-2.64206428957081130e-9,8.74342572255219364e-9,1.43727546124145644e-7,1.43727546124145651e-9,-1.73808566593654857e-6,-4.76187853681246221e-9,-2.17797504942951176e-9,gpu,902667a1070b83bff57ac642cf16779d998b5a954c046c450b154237e9e196e2
SHORT_3D_-5,bs,P,1.00000000000000000e0,1.14728900125174449e-3,-2.14446680681690260e-3,3.72512937847009618e-3,6.12350034817002037e-2,6.12350034817002041e-4,-7.36402116906701543e-1,-2.01754004631973013e-3,-1.77200523027075591e-3,gpu,902667a1070b83bff57ac642cf16779d998b5a954c046c450b154237e9e196e2
SHORT_3D_+0,bs,C,1.00000000000000000e0,7.39785350629958316e-1,5.10849056605484186e-1,2.19940519011544322e-1,3.61546058649113933e0,3.61546058649113919e-2,-4.60019086147055987e1,-1.26032626341659182e-1,4.13795509396590044e-1,gpu,902667a1070b83bff57ac642cf16779d998b5a954c046c450b154237e9e196e2
SHORT_3D_+5,bs,C,1.00000000000000000e0,2.15239985932791367e-3,3.86497032683819075e-3,6.33587757855525163e-3,1.04151412250223299e-1,1.04151412250223308e-3,-1.28254930102402986e0,-3.51383370143569821e-3,3.15899698211910551e-3,gpu,902667a1070b83bff57ac642cf16779d998b5a954c046c450b154237e9e196e2
SHORT_3D_+10,bs,C,1.00000000000000000e0,2.75714733441695219e-8,8.50842832855747133e-8,2.53797425257486673e-7,4.17201246998608299e-6,4.17201246998608326e-8,-5.10987193257058704e-5,-1.39996491303303744e-7,6.97056727825750803e-8,gpu,902667a1070b83bff57ac642cf16779d998b5a954c046c450b154237e9e196e2
SHORT_3D_+15,bs,C,1.00000000000000000e0,-3.07046340595368312e-15,7.88258347483861144e-15,3.40208762538172425e-14,5.59247280884666989e-13,5.59247280884666980e-15,-6.83582840319904090e-12,-1.87282969950658644e-14,6.50407241827245019e-15,gpu,902667a1070b83bff57ac642cf16779d998b5a954c046c450b154237e9e196e2
SHORT_3D_+20,bs,C,1.00000000000000000e0,0.00000000000000000e0,0.00000000000000000e0,3.20365451648419046e-23,5.26628139696031296e-22,5.26628139696031267e-24,-6.40730903296838060e-21,-1.75542713232010422e-23,0.00000000000000000e0,gpu,902667a1070b83bff57ac642cf16779d998b5a954c046c450b154237e9e196e2
SHORT_3D_+30,bs,C,1.00000000000000000e0,0.00000000000000000e0,0.00000000000000000e0,1.11794141170186019e-46,1.83771190964689332e-45,1.83771190964689321e-47,-2.23588282340372003e-44,-6.12570636548964434e-47,0.00000000000000000e0,gpu,902667a1070b83bff57ac642cf16779d998b5a954c046c450b154237e9e196e2
SHORT_7D_-30,bs,P,1.00000000000000000e0,0.00000000000000000e0,-0.00000000000000000e0,8.21899135063653664e-38,3.15248983312086356e-36,3.15248983312086362e-38,-1.64379827012730741e-35,-4.50355690445837660e-38,-0.00000000000000000e0,gpu,902667a1070b83bff57ac642cf16779d998b5a954c046c450b154237e9e196e2
SHORT_7D_-20,bs,P,1.00000000000000000e0,-1.13065545700657199e-15,-2.77555756156289135e-16,8.27890630753343147e-16,3.17547091247857617e-14,3.17547091247857635e-16,-1.64513129344323733e-13,-4.50720902313215675e-16,-5.10614907151661440e-16,gpu,902667a1070b83bff57ac642cf16779d998b5a954c046c450b154237e9e196e2
SHORT_7D_-15,bs,P,1.00000000000000000e0,7.67900103095879197e-10,-1.71790243141956012e-9,3.76489747882204274e-9,1.44407026584955043e-7,1.44407026584955047e-9,-7.46077170034606615e-7,-2.04404704119070316e-9,-3.30933425401469370e-9,gpu,902667a1070b83bff57ac642cf16779d998b5a954c046c450b154237e9e196e2
SHORT_7D_-10,bs,P,1.00000000000000000e0,3.90519719802228868e-5,-6.01319706047820368e-5,8.85495047976449776e-5,3.39641936210145117e-3,3.39641936210145144e-5,-1.74678109982306616e-2,-4.78570164335086602e-5,-1.16070529389613653e-4,gpu,902667a1070b83bff57ac642cf16779d998b5a954c046c450b154237e9e196e2
SHORT_7D_-5,bs,P,1.00000000000000000e0,3.14429957403143945e-2,-2.91463573599941572e-2,2.39849264499935461e-2,9.19969781643588003e-1,9.19969781643588044e-3,-4.67914214072912049e0,-1.28195675088469060e-2,-5.65001400607619483e-2,gpu,902667a1070b83bff57ac642cf16779d998b5a954c046c450b154237e9e196e2
SHORT_7D_+0,bs,C,1.00000000000000000e0,1.14325614357595384e0,5.16569484177577198e-1,1.43913879377507020e-1,5.51998441447972166e0,5.51998441447972138e-2,-3.08033235664686771e1,-8.43926673053936316e-2,9.68755742244581830e-1,gpu,902667a1070b83bff57ac642cf16779d998b5a954c046c450b154237e9e196e2
SHORT_7D_+5,bs,C,1.00000000000000000e0,4.77467694165119028e-2,4.27140580156070704e-2,3.28134057471688306e-2,1.25859638482291425e0,1.25859638482291418e-2,-6.73162751071953558e0,-1.84428150978617408e-2,8.10016800685188082e-2,gpu,902667a1070b83bff57ac642cf16779d998b5a954c046c450b154237e9e196e2
SHORT_7D_+10,bs,C,1.00000000000000000e0,2.38753703008506846e-4,3.37386541682527241e-4,4.45454107407543601e-4,1.70859109690564663e-2,1.70859109690564667e-4,-9.04308175001184988e-2,-2.47755664383886287e-4,6.42463844538930236e-4,gpu,902667a1070b83bff57ac642cf16779d998b5a954c046c450b154237e9e196e2
SHORT_7D_+15,bs,C,1.00000000000000000e0,1.43774696186163347e-7,2.79948507153626736e-7,5.24673957228527272e-7,2.01244805512311820e-5,2.01244805512311818e-7,-1.06048834486472529e-4,-2.90544752017732938e-7,5.34130225025302940e-7,gpu,902667a1070b83bff57ac642cf16779d998b5a954c046c450b154237e9e196e2
SHORT_7D_+20,bs,C,1.00000000000000000e0,1.23245992428290935e-11,3.05185876570135406e-11,7.36892154929899116e-11,2.82643566274481783e-9,2.82643566274481782e-11,-1.48594244652563221e-8,-4.07107519596063622e-11,5.82924360690676138e-11,gpu,902667a1070b83bff57ac642cf16779d998b5a954c046c450b154237e9e196e2
SHORT_7D_+30,bs,C,1.00000000000000000e0,0.00000000000000000e0,0.00000000000000000e0,6.98397854547995913e-21,2.67878629141697055e-19,2.67878629141697066e-21,-1.39679570909599196e-18,-3.82683755916710094e-21,0.00000000000000000e0,gpu,902667a1070b83bff57ac642cf16779d998b5a954c046c450b154237e9e196e2
SHORT_14D_-30,bs,P,1.00000000000000000e0,0.00000000000000000e0,-0.00000000000000000e0,5.88023024845127878e-20,4.51086156045577520e-18,4.51086156045577505e-20,-1.17604604969025576e-17,-3.22204397175412555e-20,-0.00000000000000000e0,gpu,902667a1070b83bff57ac642cf16779d998b5a954c046c450b154237e9e196e2
SHORT_14D_-20,bs,P,1.00000000000000000e0,2.79954553666497683e-9,-4.31596081096330408e-9,6.52327240150683842e-9,5.00415417101894492e-7,5.00415417101894475e-9,-1.28727865523604809e-6,-3.52679083626314541e-9,-1.66617500626354398e-8,gpu,902667a1070b83bff57ac642cf16779d998b5a954c046c450b154237e9e196e2
SHORT_14D_-15,bs,P,1.00000000000000000e0,1.10084849621247798e-5,-1.28890107247148222e-5,1.45580200026975576e-5,1.11677961664529216e-3,1.11677961664529220e-5,-2.85960761824216722e-3,-7.83454141984155319e-6,-4.98595446686863041e-5,gpu,902667a1070b83bff57ac642cf16779d998b5a954c046c450b154237e9e196e2
SHORT_14D_-10,bs,P,1.00000000000000000e0,3.57782484112384447e-3,-2.99235362981514763e-3,2.33043229167510845e-3,1.78772888128501478e-1,1.78772888128501473e-3,-4.53973930822116289e-1,-1.24376419403319539e-3,-1.16147524096354548e-2,gpu,902667a1070b83bff57ac642cf16779d998b5a954c046c450b154237e9e196e2
SHORT_14D_-5,bs,P,1.00000000000000000e0,1.56438671142971941e-1,-8.56127200036840841e-2,3.99414143774551797e-2,3.06399891114724676e0,3.06399891114724661e-2,-7.63957444863058122e0,-2.09303409551522789e-2,-3.34377943564820090e-1,gpu,902667a1070b83bff57ac642cf16779d998b5a954c046c450b154237e9e196e2
SHORT_14D_+0,bs,C,1.00000000000000000e0,1.63918867458509254e0,5.23426051601620812e-1,1.01674695485512848e-1,7.79970266738180751e0,7.79970266738180817e-2,-2.23630757565256495e1,-6.12687007028100000e-2,1.94478857752898060e0,gpu,902667a1070b83bff57ac642cf16779d998b5a954c046c450b154237e9e196e2
SHORT_14D_+5,bs,C,1.00000000000000000e0,2.22016000581605866e-1,1.17640753865986381e-1,5.03592403236009303e-2,3.86317460016664649e0,3.86317460016664671e-2,-1.05335304401608667e1,-2.88589875072900459e-2,4.42709127134899849e-1,gpu,902667a1070b83bff57ac642cf16779d998b5a954c046c450b154237e9e196e2
SHORT_14D_+10,bs,C,1.00000000000000000e0,1.13654251621140290e-2,8.78580359264408139e-3,6.07585692459547150e-3,4.66093133941570481e-1,4.66093133941570485e-3,-1.24985998228318640e0,-3.42427392406352430e-3,3.32630385683071739e-2,gpu,902667a1070b83bff57ac642cf16779d998b5a954c046c450b154237e9e196e2
SHORT_14D_+15,bs,C,1.00000000000000000e0,2.18624197284588567e-4,2.24575171567154008e-4,2.15590527258304170e-4,1.65384514061164833e-2,1.65384514061164839e-4,-4.40076611700380635e-2,-1.20568934712433052e-4,8.52998634060359983e-4,gpu,902667a1070b83bff57ac642cf16779d998b5a954c046c450b154237e9e196e2
SHORT_14D_+20,bs,C,1.00000000000000000e0,1.68029285283597296e-6,2.15409236353769629e-6,2.63784602350365272e-6,2.02355311392061045e-4,2.02355311392061052e-6,-5.36118362440767969e-4,-1.46881743134456987e-6,8.19782249044677065e-6,gpu,902667a1070b83bff57ac642cf16779d998b5a954c046c450b154237e9e196e2
SHORT_14D_+30,bs,C,1.00000000000000000e0,8.86096254582705203e-12,1.57449053794778138e-11,2.72690810493145591e-11,2.09187471063234962e-9,2.09187471063234963e-11,-5.51644139287898952e-9,-1.51135380626821638e-11,6.00515453578831902e-11,gpu,902667a1070b83bff57ac642cf16779d998b5a954c046c450b154237e9e196e2
SHORT_30D_-30,bs,P,1.00000000000000000e0,1.24939356312821562e-10,-1.42660105950653815e-10,1.60677854178637301e-10,2.64127979471732565e-8,2.64127979471732573e-10,-3.15599328376723374e-8,-8.64655694182803760e-11,-1.18281780422286598e-9,gpu,902667a1070b83bff57ac642cf16779d998b5a954c046c450b154237e9e196e2
SHORT_30D_-20,bs,P,1.00000000000000000e0,4.57827973395236870e-5,-3.47904293687140154e-5,2.55103332424475405e-5,4.19347943711466473e-3,4.19347943711466498e-5,-4.96107361912107199e-3,-1.35919825181399239e-5,-2.89711704181719830e-4,gpu,902667a1070b83bff57ac642cf16779d998b5a954c046c450b154237e9e196e2
SHORT_30D_-15,bs,P,1.00000000000000000e0,2.94024722430344387e-3,-1.74792116327138203e-3,9.78309916221951729e-4,1.60818068420046867e-1,1.60818068420046870e-3,-1.88552688702332716e-1,-5.16582708773514294e-4,-1.46081394699815043e-2,gpu,902667a1070b83bff57ac642cf16779d998b5a954c046c450b154237e9e196e2
SHORT_30D_-10,bs,P,1.00000000000000000e0,6.08184100702913177e-2,-2.72064985067779763e-2,1.09401834881361331e-2,1.79838632681689847e0,1.79838632681689863e-2,-2.07677796719730301e0,-5.68980264985562492e-3,-2.28613829650527817e-1,gpu,902667a1070b83bff57ac642cf16779d998b5a954c046c450b154237e9e196e2
SHORT_30D_-5,bs,P,1.00000000000000000e0,5.08878157354153871e-1,-1.63399556785206124e-1,4.30199656228407654e-2,7.07177517087793550e0,7.07177517087793500e-2,-7.93003977113316516e0,-2.17261363592689445e-2,-1.38483565774313133e0,gpu,902667a1070b83bff57ac642cf16779d998b5a954c046c450b154237e9e196e2
SHORT_30D_+0,bs,C,1.00000000000000000e0,2.45126220918424309e0,5.34269703591267686e-1,6.93201638171655615e-2,1.13950954219998177e1,1.13950954219998180e-1,-1.59030610894308140e1,-4.35700303820022311e-2,4.18978423150212542e0,gpu,902667a1070b83bff57ac642cf16779d998b5a954c046c450b154237e9e196e2
SHORT_30D_+5,bs,C,1.00000000000000000e0,7.12947925936724403e-1,2.22162129371673622e-1,5.19296372267388784e-2,8.53637872220365246e0,8.53637872220365246e-2,-1.12460580457970050e1,-3.08111179336904260e-2,1.76739164475868238e0,gpu,902667a1070b83bff57ac642cf16779d998b5a954c046c450b154237e9e196e2
SHORT_30D_+10,bs,C,1.00000000000000000e0,1.37891987680838213e-1,5.74854894800360117e-2,2.00889807545716406e-2,3.30229820623095538e0,3.30229820623095527e-2,-4.24222242932724036e0,-1.16225272036362751e-2,4.61149887149816085e-1,gpu,902667a1070b83bff57ac642cf16779d998b5a954c046c450b154237e9e196e2
SHORT_30D_+15,bs,C,1.00000000000000000e0,1.77198694586435668e-2,9.34911287413797698e-3,4.38273982467656236e-3,7.20450382138613121e-1,7.20450382138613111e-3,-9.13235621653518792e-1,-2.50201540179046224e-3,7.53855959963140171e-2,gpu,902667a1070b83bff57ac642cf16779d998b5a954c046c450b154237e9e196e2
SHORT_30D_+20,bs,C,1.00000000000000000e0,1.54431011500669180e-3,9.88223353674544391e-4,5.80882517137242655e-4,9.54875370636563414e-2,9.54875370636563427e-4,-1.20067624437546469e-1,-3.28952395719305391e-4,7.99545413033817161e-3,gpu,902667a1070b83bff57ac642cf16779d998b5a954c046c450b154237e9e196e2
SHORT_30D_+30,bs,C,1.00000000000000000e0,4.13871446966652826e-6,3.56578037175037110e-6,2.91940592521894166e-6,4.79902343871606903e-4,4.79902343871606876e-6,-5.97978757952003339e-4,-1.63829796699178990e-6,2.89676155648249792e-5,gpu,902667a1070b83bff57ac642cf16779d998b5a954c046c450b154237e9e196e2
SHORT_60D_-30,bs,P,1.00000000000000000e0,5.18030578163447076e-6,-3.08874050819474277e-6,1.79932676153986689e-6,5.91559483245983776e-4,5.91559483245983772e-6,-3.47303178043929133e-4,-9.51515556284737337e-7,-5.16253736878534826e-5,gpu,902667a1070b83bff57ac642cf16779d998b5a954c046c450b154237e9e196e2
SHORT_60D_-20,bs,P,1.00000000000000000e0,4.92006912946862940e-3,-2.02985031135555216e-3,7.92472233049740975e-4,2.60538816345120383e-1,2.60538816345120368e-3,-1.50178242599347284e-1,-4.11447239998211740e-4,-3.41761808654833660e-2,gpu,902667a1070b83bff57ac642cf16779d998b5a954c046c450b154237e9e196e2
SHORT_60D_-15,bs,P,1.00000000000000000e0,5.01573328356748060e-2,-1.67578825603177939e-2,5.13583331057230683e-3,1.68849314320185484e0,1.68849314320185483e-2,-9.58128838559763496e-1,-2.62501051660209194e-3,-2.83717083101499290e-1,gpu,902667a1070b83bff57ac642cf16779d998b5a954c046c450b154237e9e196e2
SHORT_60D_-10,bs,P,1.00000000000000000e0,2.93330768238137196e-1,-7.76641312087452684e-2,1.79267962052972255e-2,5.89374121817991092e0,5.89374121817991120e-2,-3.26296948549493937e0,-8.93964242601353286e-3,-1.32488940642947894e0,gpu,902667a1070b83bff57ac642cf16779d998b5a954c046c450b154237e9e196e2
SHORT_60D_-5,bs,P,1.00000000000000000e0,1.09924479426238264e0,-2.25366892204469371e-1,3.70199843300465445e-2,1.21709537523440723e1,1.21709537523440728e-1,-6.45855950542093815e0,-1.76946835764957219e-2,-3.88535901611660028e0,gpu,902667a1070b83bff57ac642cf16779d998b5a954c046c450b154237e9e196e2
SHORT_60D_+0,bs,C,1.00000000000000000e0,3.56175345073599203e0,5.48405053681540577e-1,4.88357979084104235e-2,1.60556047918061680e1,1.60556047918061690e-1,-1.18183096583788085e1,-3.23789305709008476e-2,8.42938387683584445e0,gpu,902667a1070b83bff57ac642cf16779d998b5a954c046c450b154237e9e196e2
SHORT_60D_+5,bs,C,1.00000000000000000e0,1.58541732755779563e0,3.15593172296390723e-1,4.38437929256170200e-2,1.44143976741754614e1,1.44143976741754609e-1,-9.96771458120665699e0,-2.73088070717990607e-2,4.92721642225993506e0,gpu,902667a1070b83bff57ac642cf16779d998b5a954c046c450b154237e9e196e2
SHORT_60D_+10,bs,C,1.00000000000000000e0,5.87941442821723115e-1,1.45998198691087933e-1,2.82378718733326713e-2,9.28368390356142825e0,9.28368390356142797e-2,-6.20804951171801811e0,-1.70083548266247060e-2,2.30332248103349091e0,gpu,902667a1070b83bff57ac642cf16779d998b5a954c046c450b154237e9e196e2
SHORT_60D_+15,bs,C,1.00000000000000000e0,1.82001942436716746e-1,5.45843834298794239e-2,1.36365567175851313e-2,4.48325152358963308e0,4.48325152358963336e-2,-2.93836879953907548e0,-8.05032547818924742e-3,8.67359408309790414e-1,gpu,902667a1070b83bff57ac642cf16779d998b5a954c046c450b154237e9e196e2
SHORT_60D_+20,bs,C,1.00000000000000000e0,4.74285804792917709e-2,1.67185815423079864e-2,5.12552770197993116e-3,1.68510499791121093e0,1.68510499791121107e-2,-1.09008272334604683e0,-2.98652800916725161e-3,2.67029518972850488e-1,gpu,902667a1070b83bff57ac642cf16779d998b5a954c046c450b154237e9e196e2
SHORT_60D_+30,bs,C,1.00000000000000000e0,2.01805122082646116e-3,9.23167371224997702e-4,3.85845335949439115e-4,1.26853261134062201e-1,1.26853261134062196e-3,-8.07810146259547862e-2,-2.21317848290287090e-4,1.48436196002750646e-2,gpu,902667a1070b83bff57ac642cf16779d998b5a954c046c450b154237e9e196e2
SHORT_90D_-30,bs,P,1.00000000000000000e0,2.22476511292594298e-4,-9.18630194889358265e-5,3.68029996877900590e-5,1.81494245035677022e-2,1.81494245035677032e-4,-6.98424879915056449e-3,-1.91349282168508618e-5,-2.31997277100481035e-3,gpu,902667a1070b83bff57ac642cf16779d998b5a954c046c450b154237e9e196e2
SHORT_90D_-20,bs,P,1.00000000000000000e0,2.82159484992605680e-2,-8.29100025754198056e-3,2.27751826229589255e-3,1.12315969099523483e0,1.12315969099523478e-2,-4.21211013489040276e-1,-1.15400277668230213e-3,-2.11392979952907623e-1,gpu,902667a1070b83bff57ac642cf16779d998b5a954c046c450b154237e9e196e2
SHORT_90D_-15,bs,P,1.00000000000000000e0,1.52501378171724156e-1,-3.70977857086955964e-2,8.16038998971908326e-3,4.02430191273817783e0,4.02430191273817767e-2,-1.47758679998216502e0,-4.04818301364976742e-3,-9.52343001133467038e-1,gpu,902667a1070b83bff57ac642cf16779d998b5a954c046c450b154237e9e196e2
SHORT_90D_-10,bs,P,1.00000000000000000e0,5.69898741798922970e-1,-1.13165217525834028e-1,1.93219319560409865e-2,9.52862397832158159e0,9.52862397832158203e-2,-3.38892957143290463e0,-9.28473855187097151e-3,-2.93089820409427215e0,gpu,902667a1070b83bff57ac642cf16779d998b5a954c046c450b154237e9e196e2
SHORT_90D_-5,bs,P,1.00000000000000000e0,1.58230108731165942e0,-2.52880795729528152e-1,3.21919137253250665e-2,1.58754643029000331e1,1.58754643029000331e-1,-5.36356751865443471e0,-1.46947055305600947e-2,-6.62557331348987066e0,gpu,902667a1070b83bff57ac642cf16779d998b5a954c046c450b154237e9e196e2
SHORT_90D_+0,bs,C,1.00000000000000000e0,4.45107087927679856e0,5.59210976453865194e-1,3.97270542732183832e-2,1.95914240251487897e1,1.95914240251487903e-1,-1.00042119252880646e1,-2.74087997953097670e-2,1.26912394765749994e1,gpu,902667a1070b83bff57ac642cf16779d998b5a954c046c450b154237e9e196e2
SHORT_90D_+5,bs,C,1.00000000000000000e0,2.36029824059765048e0,3.66059128571242232e-1,3.78844425060802792e-2,1.86827387701217802e1,1.86827387701217790e-1,-8.94671308587711778e0,-2.45115427010332010e-2,8.44412415202025102e0,gpu,902667a1070b83bff57ac642cf16779d998b5a954c046c450b154237e9e196e2
SHORT_90D_+10,bs,C,1.00000000000000000e0,1.11787693215684669e0,2.08760746916094697e-1,2.89186815056709963e-2,1.42612675918377523e1,1.42612675918377535e-1,-6.57406421151230447e0,-1.80111348260611065e-2,4.87188437904311300e0,gpu,902667a1070b83bff57ac642cf16779d998b5a954c046c450b154237e9e196e2
SHORT_90D_+15,bs,C,1.00000000000000000e0,4.73959503200566346e-1,1.04137557302085071e-1,1.82003430609251962e-2,8.97551164648365862e0,8.97551164648365818e-2,-4.03766046126535727e0,-1.10620834555215271e-2,2.45090865871428676e0,gpu,902667a1070b83bff57ac642cf16779d998b5a954c046c450b154237e9e196e2
SHORT_90D_+20,bs,C,1.00000000000000000e0,1.80854339757363647e-1,4.58147462683000661e-2,9.68301307384948108e-3,4.77518452956960804e0,4.77518452956960798e-2,-2.11262742625280220e0,-5.78802034589808844e-3,1.08508445434667888e0,gpu,902667a1070b83bff57ac642cf16779d998b5a954c046c450b154237e9e196e2
SHORT_90D_+30,bs,C,1.00000000000000000e0,1.97609700008628542e-2,6.33646637797424805e-3,1.79683424331637570e-3,8.86110037799856642e-1,8.86110037799856670e-3,-3.83922275375137678e-1,-1.05184185034284299e-3,1.51369068771754961e-1,gpu,902667a1070b83bff57ac642cf16779d998b5a954c046c450b154237e9e196e2
VOL_0p005_70,bs,C,1.00000000000000000e0,3.10421642277856193e1,1.00000000000000000e0,0.00000000000000000e0,0.00000000000000000e0,0.00000000000000000e0,-2.06873507316643179e0,-5.66776732374364885e-3,3.44789178861071903e1,gpu,902667a1070b83bff57ac642cf16779d998b5a954c046c450b154237e9e196e2
VOL_0p005_100,bs,C,1.00000000000000000e0,1.48880687218414209e0,9.99989041459053096e-1,1.38212344819376744e-4,3.45530862048441930e-3,3.45530862048441928e-5,-2.95532019475473762e0,-8.09676765686229497e-3,4.92550486368605860e1,gpu,902667a1070b83bff57ac642cf16779d998b5a954c046c450b154237e9e196e2
VOL_0p005_140,bs,C,1.00000000000000000e0,0.00000000000000000e0,0.00000000000000000e0,0.00000000000000000e0,0.00000000000000000e0,0.00000000000000000e0,0.00000000000000000e0,0.00000000000000000e0,0.00000000000000000e0,gpu,902667a1070b83bff57ac642cf16779d998b5a954c046c450b154237e9e196e2
VOL_0p01_70,bs,C,1.00000000000000000e0,3.10421642277856193e1,1.00000000000000000e0,0.00000000000000000e0,0.00000000000000000e0,0.00000000000000000e0,-2.06873507316643179e0,-5.66776732374364885e-3,3.44789178861071903e1,gpu,902667a1070b83bff57ac642cf16779d998b5a954c046c450b154237e9e196e2
VOL_0p01_100,bs,C,1.00000000000000000e0,1.49308523575837171e0,9.83200679697075808e-1,5.90204554303705581e-2,2.95102277151852777e0,2.95102277151852790e-2,-2.93431970973366107e0,-8.03923208146208566e-3,4.84134913669746041e1,gpu,902667a1070b83bff57ac642cf16779d998b5a954c046c450b154237e9e196e2
VOL_0p01_140,bs,C,1.00000000000000000e0,0.00000000000000000e0,0.00000000000000000e0,0.00000000000000000e0,0.00000000000000000e0,0.00000000000000000e0,0.00000000000000000e0,0.00000000000000000e0,0.00000000000000000e0,gpu,902667a1070b83bff57ac642cf16779d998b5a954c046c450b154237e9e196e2
VOL_0p05_70,bs,C,1.00000000000000000e0,3.10421642277856193e1,1.00000000000000000e0,9.41694061140467608e-26,2.35423515285116977e-23,2.35423515285116988e-25,-2.06873507316643179e0,-5.66776732374364885e-3,3.44789178861071903e1,gpu,902667a1070b83bff57ac642cf16779d998b5a954c046c450b154237e9e196e2
VOL_0p05_100,bs,C,1.00000000000000000e0,2.26842336282379620e0,6.70734316750797421e-1,1.02339546659996825e-1,2.55848866649992104e1,2.55848866649992124e-1,-3.22339458261763934e0,-8.83121803456887559e-3,3.24025041561279750e1,gpu,902667a1070b83bff57ac642cf16779d998b5a954c046c450b154237e9e196e2
VOL_0p05_140,bs,C,1.00000000000000000e0,0.00000000000000000e0,0.00000000000000000e0,1.47717903441413679e-19,3.69294758603534267e-17,3.69294758603534270e-19,-1.84647379301767126e-18,-5.05883230963745555e-21,0.00000000000000000e0,gpu,902667a1070b83bff57ac642cf16779d998b5a954c046c450b154237e9e196e2
VOL_0p1_70,bs,C,1.00000000000000000e0,3.10421643047635882e1,9.99999939385445291e-1,4.68816778019985700e-8,2.34408389009992915e-5,2.34408389009992923e-7,-2.06873723309731883e0,-5.66777324136251773e-3,3.44789148168904731e1,gpu,902667a1070b83bff57ac642cf16779d998b5a954c046c450b154237e9e196e2
VOL_0p1_100,bs,C,1.00000000000000000e0,3.60649147721157703e0,5.97734468908438288e-1,5.47173171304419642e-2,2.73586585652209884e1,2.73586585652209890e-1,-4.42087451893106653e0,-1.21119849833727852e-2,2.80834777068161259e1,gpu,902667a1070b83bff57ac642cf16779d998b5a954c046c450b154237e9e196e2
VOL_0p1_140,bs,C,1.00000000000000000e0,4.58857281028258188e-6,3.22691750720416337e-6,2.15164302586120167e-6,1.07582151293060101e-3,1.07582151293060109e-5,-1.17125246630364122e-4,-3.20891086658531832e-7,1.59051588955066878e-4,gpu,902667a1070b83bff57ac642cf16779d998b5a954c046c450b154237e9e196e2
VOL_0p5_70,bs,C,1.00000000000000000e0,3.32364554947760809e1,8.90282557517164119e-1,5.30864064198868953e-3,1.32716016049717247e1,1.32716016049717250e-1,-8.30955481019407216e0,-2.27659035895728008e-2,2.78959001284701671e1,gpu,902667a1070b83bff57ac642cf16779d998b5a954c046c450b154237e9e196e2
VOL_0p5_100,bs,C,1.00000000000000000e0,1.46839739702087471e1,5.86754080466390104e-1,1.10159291585673405e-2,2.75398228964183538e1,2.75398228964183533e-1,-1.50896544705020830e1,-4.13415190972659802e-2,2.19957170382151332e1,gpu,902667a1070b83bff57ac642cf16779d998b5a954c046c450b154237e9e196e2
VOL_0p5_140,bs,C,1.00000000000000000e0,4.06045018038351913e0,2.31936572409415898e-1,8.62876036645878787e-3,2.15719009161469693e1,2.15719009161469688e-1,-1.13599466698902258e1,-3.11231415613430831e-2,9.56660353027903554e0,gpu,902667a1070b83bff57ac642cf16779d998b5a954c046c450b154237e9e196e2
VOL_1p0_70,bs,C,1.00000000000000000e0,4.18453868777281386e1,8.10348464858083206e-1,3.83335505294652139e-3,1.91667752647326104e1,1.91667752647326106e-1,-2.03424590529750127e1,-5.57327645286986653e-2,1.95947298040400888e1,gpu,902667a1070b83bff57ac642cf16779d998b5a954c046c450b154237e9e196e2
VOL_1p0_100,bs,C,1.00000000000000000e0,2.81772616706010339e1,6.46082969675712215e-1,5.25928533721578551e-3,2.62964266860789273e1,2.62964266860789275e-1,-2.73893577449880290e1,-7.50393362876384390e-2,1.82155176484850934e1,gpu,902667a1070b83bff57ac642cf16779d998b5a954c046c450b154237e9e196e2
VOL_1p0_140,bs,C,1.00000000000000000e0,1.70821822491291009e1,4.59744665407126996e-1,5.61314893452004825e-3,2.80657446726002462e1,2.80657446726002457e-1,-2.89325132013477493e1,-7.92671594557472631e-2,1.44461421457917982e1,gpu,902667a1070b83bff57ac642cf16779d998b5a954c046c450b154237e9e196e2
VOL_2p0_70,bs,C,1.00000000000000000e0,6.07488816208756788e1,8.33956978068385979e-1,1.76244126694358313e-3,1.76244126694358343e1,1.76244126694358350e-1,-3.59282298244505469e1,-9.84335063683576678e-2,1.13234080929814596e1,gpu,902667a1070b83bff57ac642cf16779d998b5a954c046c450b154237e9e196e2
VOL_2p0_100,bs,C,1.00000000000000000e0,5.24093822173017188e1,7.63532985092535199e-1,2.18041825590590231e-3,2.18041825590590221e1,2.18041825590590210e-1,-4.43266826068765951e1,-1.21442966046237250e-1,1.19719581459759006e1,gpu,902667a1070b83bff57ac642cf16779d998b5a954c046c450b154237e9e196e2
VOL_2p0_140,bs,C,1.00000000000000000e0,4.42900289500641975e1,6.84312200650930125e-1,2.51424607713790970e-3,2.51424607713790991e1,2.51424607713790993e-1,-5.10091572762090593e1,-1.39751115825230310e-1,1.20705955575144106e1,gpu,902667a1070b83bff57ac642cf16779d998b5a954c046c450b154237e9e196e2
VOL_5p0_70,bs,C,1.00000000000000000e0,9.36226142339902481e1,9.69458384621858293e-1,1.95326858303899450e-4,4.88317145759748694e0,4.88317145759748703e-2,-2.45155540148332989e1,-6.71659014105021879e-2,1.66161211409779197e0,gpu,902667a1070b83bff57ac642cf16779d998b5a954c046c450b154237e9e196e2
VOL_5p0_100,bs,C,1.00000000000000000e0,9.23476703019241114e1,9.61803517642064176e-1,2.34751736802213347e-4,5.86879342005533378e0,5.86879342005533350e-2,-2.94589475441451363e1,-8.07094453264250306e-2,1.91634073114115200e0,gpu,902667a1070b83bff57ac642cf16779d998b5a954c046c450b154237e9e196e2
VOL_5p0_140,bs,C,1.00000000000000000e0,9.09721035388042765e1,9.53213198673833917e-1,2.76618654461359469e-4,6.91546636153398797e0,6.91546636153398814e-2,-3.47078082975273006e1,-9.50898857466501435e-2,2.17460816428955983e0,gpu,902667a1070b83bff57ac642cf16779d998b5a954c046c450b154237e9e196e2
SCALE_1e-06,bs,C,1.00000000000000000e0,4.87840492973854681e-7,1.06085230144049303e-1,1.83192887410919939e4,9.15964437054599591e-6,9.15964437054599538e-8,-4.06868504907564172e-6,-1.11470823262346356e-8,2.53017063035776884e-6,gpu,902667a1070b83bff57ac642cf16779d998b5a954c046c450b154237e9e196e2
SCALE_1e-03,bs,C,1.00000000000000000e0,4.87840492973854248e-4,1.06085230144049303e-1,1.83192887410919916e1,9.15964437054599644e-3,9.15964437054599692e-5,-4.06868504907564182e-3,-1.11470823262346358e-5,2.53017063035776901e-3,gpu,902667a1070b83bff57ac642cf16779d998b5a954c046c450b154237e9e196e2
SCALE_1e+00,bs,C,1.00000000000000000e0,4.87840492973854012e-1,1.06085230144049303e-1,1.83192887410919929e-2,9.15964437054599756e0,9.15964437054599817e-2,-4.06868504907564255e0,-1.11470823262346374e-2,2.53017063035776912e0,gpu,902667a1070b83bff57ac642cf16779d998b5a954c046c450b154237e9e196e2
SCALE_1e+03,bs,C,1.00000000000000000e0,4.87840492973855362e2,1.06085230144049303e-1,1.83192887410919952e-5,9.15964437054599694e3,9.15964437054599756e1,-4.06868504907564238e3,-1.11470823262346368e1,2.53017063035776891e3,gpu,902667a1070b83bff57ac642cf16779d998b5a954c046c450b154237e9e196e2
SCALE_1e+06,bs,C,1.00000000000000000e0,4.87840492973854765e5,1.06085230144049303e-1,1.83192887410919947e-8,9.15964437054599635e6,9.15964437054599694e4,-4.06868504907564167e6,-1.11470823262346348e4,2.53017063035776885e6,gpu,902667a1070b83bff57ac642cf16779d998b5a954c046c450b154237e9e196e2
SCALE_1e+09,bs,C,1.00000000000000000e0,4.87840492973854065e8,1.06085230144049303e-1,1.83192887410919943e-11,9.15964437054599762e9,9.15964437054599822e7,-4.06868504907564211e9,-1.11470823262346368e7,2.53017063035776901e9,gpu,902667a1070b83bff57ac642cf16779d998b5a954c046c450b154237e9e196e2
CARRY_rm0p05_q0,bs,C,1.00000000000000000e0,2.92873214274687044e0,2.65476829238835976e-1,1.63921318369528585e-2,3.27842636739057198e1,3.27842636739057225e-1,-2.09747882833373556e0,-5.74651733790064543e-3,2.36189507811367285e1,gpu,902667a1070b83bff57ac642cf16779d998b5a954c046c450b154237e9e196e2
CARRY_rm0p02_q0p01,bs,C,1.00000000000000000e0,3.39552379631359358e0,2.96275131768385602e-1,1.71922129228863699e-2,3.43844258457727321e1,3.43844258457727314e-1,-2.61752766519838875e0,-7.17130867177640744e-3,2.62319893805249649e1,gpu,902667a1070b83bff57ac642cf16779d998b5a954c046c450b154237e9e196e2
CARRY_r0p0_q0,bs,C,1.00000000000000000e0,4.29201094140988815e0,3.53253689179276464e-1,1.85819221387494675e-2,3.71638442774989386e1,3.71638442774989364e-1,-3.71638442774989386e0,-1.01818751445202568e-2,3.10333579765177596e1,gpu,902667a1070b83bff57ac642cf16779d998b5a954c046c450b154237e9e196e2
CARRY_r0p15_q0,bs,C,1.00000000000000000e0,1.07017042007409415e1,6.45592887115240877e-1,1.86035488158876987e-2,3.72070976317753974e1,3.72070976317753987e-1,-1.17993474397950120e1,-3.23269792871096195e-2,5.38575845107831483e1,gpu,902667a1070b83bff57ac642cf16779d998b5a954c046c450b154237e9e196e2
CARRY_r0p02_q0p08,bs,C,1.00000000000000000e0,2.49194738952503769e0,2.30174878077418932e-1,1.46468296841961720e-2,2.92936593683923441e1,2.92936593683923441e-1,-1.49847772058422013e0,-4.10541841255950696e-3,2.05255404182168562e1,gpu,902667a1070b83bff57ac642cf16779d998b5a954c046c450b154237e9e196e2
CARRY_r0p02_qm0p03,bs,C,1.00000000000000000e0,6.22403619875316849e0,4.63341746230480522e-1,2.03906590524730869e-2,4.07813181049461733e1,4.07813181049461737e-1,-6.27035981767195771e0,-1.71790679936218021e-2,4.01101384242948882e1,gpu,902667a1070b83bff57ac642cf16779d998b5a954c046c450b154237e9e196e2
CARRY_r0p3_q0p3,bs,C,1.00000000000000000e0,3.17959990200364473e0,2.61696768910819777e-1,1.37658264664159737e-2,2.75316529328319426e1,2.75316529328319404e-1,-1.79928532268210084e0,-4.92954882926602972e-3,2.29900769890783323e1,gpu,902667a1070b83bff57ac642cf16779d998b5a954c046c450b154237e9e196e2
LNEPS_0,bs,C,1.00000000000000000e0,9.41340338385301578e0,5.98706325682923701e-1,1.93334058401424605e-2,3.86668116802849156e1,3.86668116802849182e-1,-5.38039804356167295e0,-1.47408165577032138e-2,5.04572291844393561e1,gpu,902667a1070b83bff57ac642cf16779d998b5a954c046c450b154237e9e196e2
LNEPS_1Em15,bs,C,1.00000000000000000e0,9.41340338385308684e0,5.98706325682925922e-1,1.93334058401424085e-2,3.86668116802849156e1,3.86668116802849182e-1,-5.38039804356167917e0,-1.47408165577032312e-2,5.04572291844395764e1,gpu,902667a1070b83bff57ac642cf16779d998b5a954c046c450b154237e9e196e2
LNEPS_m1Em15,bs,C,1.00000000000000000e0,9.41340338385294473e0,5.98706305761909308e-1,1.93334060891551321e-2,3.86668121783101881e1,3.86668121783101892e-1,-5.38039803360115698e0,-1.47408165304141279e-2,5.04572271923379247e1,gpu,902667a1070b83bff57ac642cf16779d998b5a954c046c450b154237e9e196e2
LNEPS_1Em09,bs,C,1.00000000000000000e0,9.41340344372365934e0,5.98706327616264522e-1,1.93334057966422952e-2,3.86668116706182161e1,3.86668116706182174e-1,-5.38039804839502445e0,-1.47408165709452723e-2,5.04572293777734302e1,gpu,902667a1070b83bff57ac642cf16779d998b5a954c046c450b154237e9e196e2
LNEPS_m1Em09,bs,C,1.00000000000000000e0,9.41340332398237223e0,5.98706303828571373e-1,1.93334061326552384e-2,3.86668121879768591e1,3.86668121879768567e-1,-5.38039802876780993e0,-1.47408165171720815e-2,5.04572269990041349e1,gpu,902667a1070b83bff57ac642cf16779d998b5a954c046c450b154237e9e196e2
LNEPS_1Em06,bs,C,1.00000000000000000e0,9.41346325458225408e0,5.98708259021332623e-1,1.93333623398083444e-2,3.86668020131047072e1,3.86668020131047063e-1,-5.38040287686177798e0,-1.47408297996213088e-2,5.04574225183769016e1,gpu,902667a1070b83bff57ac642cf16779d998b5a954c046c450b154237e9e196e2
LNEPS_m1Em06,bs,C,1.00000000000000000e0,9.41334351331710195e0,5.98704372419531561e-1,1.93334495891377758e-2,3.86668218445158658e1,3.86668218445158640e-1,-5.38039320019755074e0,-1.47408032882124680e-2,5.04570338581988125e1,gpu,902667a1070b83bff57ac642cf16779d998b5a954c046c450b154237e9e196e2
LONG_2Y,bs,C,1.00000000000000000e0,6.56604730159319061e0,3.85506288981392331e-1,1.35198048974961918e-2,5.40792195899847741e1,5.40792195899847727e-1,-3.66349842739561993e0,-1.00369819928647127e-2,6.39691631930920792e1,gpu,902667a1070b83bff57ac642cf16779d998b5a954c046c450b154237e9e196e2
LONG_5Y,bs,C,1.00000000000000000e0,1.63879757807931128e1,5.60143716969499939e-1,8.81905381333063405e-3,8.81905381333063616e1,8.81905381333063620e-1,-2.95260264015083340e0,-8.08932230178310493e-3,1.98131979580784389e2,gpu,902667a1070b83bff57ac642cf16779d998b5a954c046c450b154237e9e196e2
LONG_10Y,bs,C,1.00000000000000000e0,2.93810794396406010e1,6.92269537599674134e-1,5.56024645785145512e-3,1.11204929157029127e2,1.11204929157029131e0,-2.30742552118009581e0,-6.32171375665779682e-3,3.98458743203268170e2,gpu,902667a1070b83bff57ac642cf16779d998b5a954c046c450b154237e9e196e2
LONG_30Y,bs,C,1.00000000000000000e0,6.20676134697264672e1,8.85486751101460023e-1,1.76656546861381539e-3,1.05993928116828940e2,1.05993928116828950e0,-1.14774494293534923e0,-3.14450669297355965e-3,7.94431849212586144e2,gpu,902667a1070b83bff57ac642cf16779d998b5a954c046c450b154237e9e196e2
LONG_50Y,bs,C,1.00000000000000000e0,7.91704442895221803e1,9.49377346818968570e-1,7.36507859392267379e-4,7.36507859392267505e1,7.36507859392267483e-1,-6.20320283649693938e-1,-1.69950762643751759e-3,7.88364519618734107e2,gpu,902667a1070b83bff57ac642cf16779d998b5a954c046c450b154237e9e196e2
LONG_100Y,bs,C,1.00000000000000000e0,9.52646358808611353e1,9.91998326851109447e-1,1.09617985310700669e-4,2.19235970621401322e1,2.19235970621401322e-1,-1.39979501189634647e-1,-3.83505482711327800e-4,3.93519680424981800e2,gpu,902667a1070b83bff57ac642cf16779d998b5a954c046c450b154237e9e196e2
QTY_1e+09,bs,C,1.00000000000000000e9,9.41340338385301590e9,5.98706325682923675e8,1.93334058401424587e7,3.86668116802849121e10,3.86668116802849114e8,-5.38039804356167316e9,-1.47408165577032138e7,5.04572291844393539e10,gpu,902667a1070b83bff57ac642cf16779d998b5a954c046c450b154237e9e196e2
QTY_-1e+09,bs,C,-1.00000000000000000e9,-9.41340338385301590e9,-5.98706325682923675e8,-1.93334058401424587e7,-3.86668116802849121e10,-3.86668116802849114e8,5.38039804356167316e9,1.47408165577032138e7,-5.04572291844393539e10,gpu,902667a1070b83bff57ac642cf16779d998b5a954c046c450b154237e9e196e2
QTY_1e-09,bs,C,1.00000000000000006e-9,9.41340338385301675e-9,5.98706325682923788e-10,1.93334058401424621e-11,3.86668116802849170e-8,3.86668116802849191e-10,-5.38039804356167315e-9,-1.47408165577032134e-11,5.04572291844393563e-8,gpu,902667a1070b83bff57ac642cf16779d998b5a954c046c450b154237e9e196e2
QTY_-1e-09,bs,C,-1.00000000000000006e-9,-9.41340338385301675e-9,-5.98706325682923788e-10,-1.93334058401424621e-11,-3.86668116802849170e-8,-3.86668116802849191e-10,5.38039804356167315e-9,1.47408165577032134e-11,-5.04572291844393563e-8,gpu,902667a1070b83bff57ac642cf16779d998b5a954c046c450b154237e9e196e2
QTY_1e+06,bs,C,1.00000000000000000e6,9.41340338385301642e6,5.98706325682923663e5,1.93334058401424591e4,3.86668116802849174e7,3.86668116802849167e5,-5.38039804356167279e6,-1.47408165577032123e4,5.04572291844393536e7,gpu,902667a1070b83bff57ac642cf16779d998b5a954c046c450b154237e9e196e2
QTY_-1e+06,bs,C,-1.00000000000000000e6,-9.41340338385301642e6,-5.98706325682923663e5,-1.93334058401424591e4,-3.86668116802849174e7,-3.86668116802849167e5,5.38039804356167279e6,1.47408165577032123e4,-5.04572291844393536e7,gpu,902667a1070b83bff57ac642cf16779d998b5a954c046c450b154237e9e196e2
QTY_5e-01,bs,C,5.00000000000000000e-1,4.70670169192650789e0,2.99353162841461851e-1,9.66670292007123025e-3,1.93334058401424578e1,1.93334058401424591e-1,-2.69019902178083647e0,-7.37040827885160690e-3,2.52286145922196781e1,gpu,902667a1070b83bff57ac642cf16779d998b5a954c046c450b154237e9e196e2
QTY_-5e-01,bs,C,-5.00000000000000000e-1,-4.70670169192650789e0,-2.99353162841461851e-1,-9.66670292007123025e-3,-1.93334058401424578e1,-1.93334058401424591e-1,2.69019902178083647e0,7.37040827885160690e-3,-2.52286145922196781e1,gpu,902667a1070b83bff57ac642cf16779d998b5a954c046c450b154237e9e196e2
CANCEL_LONG,bs,C,1.00000000000000000e8,9.41340338385301590e8,5.98706325682923719e7,1.93334058401424601e6,3.86668116802849150e9,3.86668116802849174e7,-5.38039804356167316e8,-1.47408165577032138e6,5.04572291844393539e9,gpu,902667a1070b83bff57ac642cf16779d998b5a954c046c450b154237e9e196e2
CANCEL_SHORT,bs,C,-1.00000000000000000e8,-9.41340338385301590e8,-5.98706325682923719e7,-1.93334058401424601e6,-3.86668116802849150e9,-3.86668116802849174e7,5.38039804356167316e8,1.47408165577032138e6,-5.04572291844393539e9,gpu,902667a1070b83bff57ac642cf16779d998b5a954c046c450b154237e9e196e2
CPCASE_C,bs,C,1.00000000000000000e0,4.17829971551348933e0,4.33204360271956690e-1,2.78131452693271171e-2,2.78131452693271228e1,2.78131452693271219e-1,-6.73689314321588917e0,-1.84572414882627107e-2,1.95710681558410897e1,gpu,902667a1070b83bff57ac642cf16779d998b5a954c046c450b154237e9e196e2
CPCASE_c,bs,C,1.00000000000000000e0,4.17829971551348933e0,4.33204360271956690e-1,2.78131452693271171e-2,2.78131452693271228e1,2.78131452693271219e-1,-6.73689314321588917e0,-1.84572414882627107e-2,1.95710681558410897e1,gpu,902667a1070b83bff57ac642cf16779d998b5a954c046c450b154237e9e196e2
CPCASE_call,bs,C,1.00000000000000000e0,4.17829971551348933e0,4.33204360271956690e-1,2.78131452693271171e-2,2.78131452693271228e1,2.78131452693271219e-1,-6.73689314321588917e0,-1.84572414882627107e-2,1.95710681558410897e1,gpu,902667a1070b83bff57ac642cf16779d998b5a954c046c450b154237e9e196e2
CPCASE_CALL,bs,C,1.00000000000000000e0,4.17829971551348933e0,4.33204360271956690e-1,2.78131452693271171e-2,2.78131452693271228e1,2.78131452693271219e-1,-6.73689314321588917e0,-1.84572414882627107e-2,1.95710681558410897e1,gpu,902667a1070b83bff57ac642cf16779d998b5a954c046c450b154237e9e196e2
CPCASE_P,bs,P,1.00000000000000000e0,7.61505337383506031e0,-5.66795639728043366e-1,2.78131452693271171e-2,2.78131452693271228e1,2.78131452693271219e-1,-3.63379053346624126e0,-9.95559050264723661e-3,-3.21473086733196993e1,gpu,902667a1070b83bff57ac642cf16779d998b5a954c046c450b154237e9e196e2
CPCASE_p,bs,P,1.00000000000000000e0,7.61505337383506031e0,-5.66795639728043366e-1,2.78131452693271171e-2,2.78131452693271228e1,2.78131452693271219e-1,-3.63379053346624126e0,-9.95559050264723661e-3,-3.21473086733196993e1,gpu,902667a1070b83bff57ac642cf16779d998b5a954c046c450b154237e9e196e2
CPCASE_put,bs,P,1.00000000000000000e0,7.61505337383506031e0,-5.66795639728043366e-1,2.78131452693271171e-2,2.78131452693271228e1,2.78131452693271219e-1,-3.63379053346624126e0,-9.95559050264723661e-3,-3.21473086733196993e1,gpu,902667a1070b83bff57ac642cf16779d998b5a954c046c450b154237e9e196e2
CPCASE_PUT,bs,P,1.00000000000000000e0,7.61505337383506031e0,-5.66795639728043366e-1,2.78131452693271171e-2,2.78131452693271228e1,2.78131452693271219e-1,-3.63379053346624126e0,-9.95559050264723661e-3,-3.21473086733196993e1,gpu,902667a1070b83bff57ac642cf16779d998b5a954c046c450b154237e9e196e2
TOTAL_MIXED_DELTA,,,,4.88338590918819427e8,3.16985469457742965e1,1.83404406433800759e4,9.16881567248110962e9,9.16881567248110920e7,-4.07275856769156218e9,-1.11582426512097586e7,2.53270259886840057e9,gpu,902667a1070b83bff57ac642cf16779d998b5a954c046c450b154237e9e196e2
# NOTE: mixed: BS delta is d/dS, Black-76 delta is d/dF — do not add them as one risk
